campaign,run,cpi_ms,frame,phase,sample_start,sample_count,dsp_ms,backend,extract_ms,spectrum_ms,clutter_ms,ambiguity_ms,fusion_ms,detection_ms,tracker_ms,json_ms,read_ms,validation_ms
nvidia-confirm,fast-wide-50-fast-auto-r1,49.9770833333,0,gpu_qualification,0,120000,101.655624,cpu,2.837836,4.975591,24.515163,50.912822,1.071921,6.651957,0.043165,10.646935,9.265895,1.604941
nvidia-confirm,fast-wide-50-fast-auto-r1,49.9770833333,1,gpu_qualification,120000,120000,106.024873,cpu,1.703817,5.113753,31.213605,49.822822,1.082307,6.609124,0.041887,10.437031,4.62823,1.553454
nvidia-confirm,fast-wide-50-fast-auto-r1,49.9770833333,2,gpu_qualification,240000,120000,115.362705,cpu,1.413465,3.72564,29.050663,62.704362,1.067017,6.690136,0.04361,10.667567,4.441512,1.59462
nvidia-confirm,fast-wide-50-fast-auto-r1,49.9770833333,3,steady,360000,120000,53.3897,vulkan,1.670085,4.340956,22.939046,6.378223,1.075604,6.563525,0.053419,10.368575,4.944736,2.144105
nvidia-confirm,fast-wide-50-fast-auto-r1,49.9770833333,4,steady,480000,120000,54.507975,vulkan,1.424794,4.807064,23.33081,6.378686,1.109023,7.052562,0.055678,10.349021,4.415701,2.119981
nvidia-confirm,fast-wide-50-fast-auto-r1,49.9770833333,5,steady,600000,120000,59.475781,vulkan,1.438457,4.589974,28.514995,6.40496,1.095759,7.008699,0.058083,10.364645,4.502453,2.117721
nvidia-confirm,fast-wide-50-fast-auto-r1,49.9770833333,6,steady,720000,120000,54.435115,vulkan,1.422254,4.517631,23.424651,6.863257,1.017446,6.535413,0.064254,10.589874,5.023214,2.110744
nvidia-confirm,fast-wide-50-fast-auto-r1,49.9770833333,7,steady,840000,120000,53.173987,vulkan,1.415292,4.021121,22.794428,6.376831,1.049203,6.654992,0.066427,10.795278,4.438655,2.134869
nvidia-confirm,fast-wide-50-fast-auto-r1,49.9770833333,8,steady,960000,120000,51.211167,vulkan,1.493836,3.9608,21.55025,6.335281,1.009848,6.507882,0.078651,10.274324,4.372871,2.118202
nvidia-confirm,fast-wide-50-fast-auto-r1,49.9770833333,9,steady,1080000,120000,50.415026,vulkan,1.44216,3.827016,19.924893,6.834632,1.276112,6.664332,0.090249,10.355305,4.798482,2.216419
nvidia-confirm,fast-wide-50-fast-auto-r1,49.9770833333,10,steady,1200000,120000,50.962035,vulkan,1.434362,3.90092,20.736846,6.400302,1.045211,6.729588,0.108658,10.605892,4.44383,2.143625
nvidia-confirm,fast-wide-50-fast-auto-r1,49.9770833333,11,steady,1320000,120000,50.995122,vulkan,1.491277,3.908509,20.459383,6.710495,1.089224,6.898933,0.108806,10.328218,4.718122,2.120514
nvidia-confirm,fast-wide-50-fast-auto-r1,49.9770833333,12,steady,1440000,120000,52.300278,vulkan,1.505119,4.076766,22.339204,6.413591,1.015183,6.510784,0.115362,10.323927,4.833079,2.094873
nvidia-confirm,fast-wide-50-fast-auto-r1,49.9770833333,13,steady,1560000,120000,53.289923,vulkan,1.481424,3.828725,23.525909,6.411533,1.033588,6.555945,0.157306,10.295354,4.495395,2.127894
nvidia-confirm,fast-wide-50-fast-auto-r1,49.9770833333,14,steady,1680000,120000,57.245421,vulkan,1.424053,4.406242,26.393862,6.889436,1.086314,6.590798,0.154173,10.300136,4.46124,2.094055
nvidia-confirm,fast-wide-50-fast-auto-r1,49.9770833333,15,steady,1800000,120000,51.530871,vulkan,1.43332,3.727821,21.811569,6.347682,1.016428,6.618978,0.156606,10.418326,4.810983,2.132939
nvidia-confirm,fast-wide-50-fast-auto-r1,49.9770833333,16,steady,1920000,120000,65.362737,vulkan,1.434625,4.939249,32.573121,6.421521,1.021538,7.894054,0.194634,10.883628,4.479451,2.143912
nvidia-confirm,fast-wide-50-fast-auto-r1,49.9770833333,17,steady,2040000,120000,52.450903,vulkan,1.442071,3.987529,22.359255,6.378492,1.027366,6.74164,0.194716,10.31953,4.470228,2.116609
nvidia-confirm,fast-wide-50-fast-auto-r1,49.9770833333,18,steady,2160000,120000,55.311631,vulkan,1.431569,4.310055,24.199695,6.427654,1.020384,6.879404,0.198989,10.843663,4.785311,2.145731
nvidia-confirm,fast-wide-50-fast-auto-r1,49.9770833333,19,steady,2280000,120000,53.428584,vulkan,1.471106,4.027669,22.592671,6.319005,1.041018,6.610235,0.236587,11.129822,4.433643,2.146128
nvidia-confirm,fast-wide-50-fast-auto-r2,49.9770833333,0,gpu_qualification,0,120000,100.278277,cpu,2.8292,5.083907,18.728415,55.803983,1.036942,6.437305,0.038142,10.320178,9.111621,1.557929
nvidia-confirm,fast-wide-50-fast-auto-r2,49.9770833333,1,gpu_qualification,120000,120000,74.262506,cpu,1.438318,3.961793,17.888197,29.616312,1.080788,7.342833,0.042964,12.891043,4.345055,1.748586
nvidia-confirm,fast-wide-50-fast-auto-r2,49.9770833333,2,gpu_qualification,240000,120000,73.016671,cpu,1.643739,4.301242,21.0894,27.909977,1.041348,6.633255,0.042687,10.354596,5.046524,1.554244
nvidia-confirm,fast-wide-50-fast-auto-r2,49.9770833333,3,steady,360000,120000,50.02973,vulkan,1.446967,3.487876,19.294606,5.839428,1.064369,7.344619,0.064546,11.486978,4.796695,2.1103
nvidia-confirm,fast-wide-50-fast-auto-r2,49.9770833333,4,steady,480000,120000,53.67101,vulkan,1.408602,4.784962,23.191193,6.183758,1.066783,6.597927,0.05481,10.382642,4.494174,2.109276
nvidia-confirm,fast-wide-50-fast-auto-r2,49.9770833333,5,steady,600000,120000,54.913039,vulkan,1.412972,4.067886,20.131592,8.657169,1.510384,8.507634,0.066414,10.558789,4.424166,2.125225
nvidia-confirm,fast-wide-50-fast-auto-r2,49.9770833333,6,steady,720000,120000,52.198672,vulkan,1.40085,3.809416,21.709059,6.72512,1.175917,6.932726,0.067224,10.37816,4.833956,2.120516
nvidia-confirm,fast-wide-50-fast-auto-r2,49.9770833333,7,steady,840000,120000,50.964762,vulkan,1.437703,4.045179,21.702866,5.838381,1.015258,6.482509,0.066044,10.376563,4.390304,2.116377
nvidia-confirm,fast-wide-50-fast-auto-r2,49.9770833333,8,steady,960000,120000,53.948227,vulkan,1.453251,4.222032,21.879833,5.854848,1.00135,7.709185,0.095217,11.732087,4.40248,2.124267
nvidia-confirm,fast-wide-50-fast-auto-r2,49.9770833333,9,steady,1080000,120000,55.312316,vulkan,1.413334,3.818754,22.885154,7.937594,1.337496,7.512045,0.09047,10.317227,4.74452,2.127958
nvidia-confirm,fast-wide-50-fast-auto-r2,49.9770833333,10,steady,1200000,120000,46.661012,vulkan,1.425024,3.690314,17.616379,5.896811,1.005311,6.576327,0.110612,10.339881,4.402212,2.089113
nvidia-confirm,fast-wide-50-fast-auto-r2,49.9770833333,11,steady,1320000,120000,53.422395,vulkan,1.416823,3.699953,18.121705,6.660061,1.404679,8.848823,0.136602,13.133318,4.523597,2.705553
nvidia-confirm,fast-wide-50-fast-auto-r2,49.9770833333,12,steady,1440000,120000,61.601104,vulkan,1.552349,3.907664,22.847802,8.185876,1.793908,10.266283,0.16888,12.878095,5.795192,2.099275
nvidia-confirm,fast-wide-50-fast-auto-r2,49.9770833333,13,steady,1560000,120000,47.443619,vulkan,1.439328,3.970482,18.179114,5.813693,1.011059,6.615174,0.142741,10.271521,4.466324,2.131667
nvidia-confirm,fast-wide-50-fast-auto-r2,49.9770833333,14,steady,1680000,120000,58.63838,vulkan,1.423058,3.852284,18.574566,7.944154,1.574793,9.508374,0.18912,15.571731,4.432038,2.844427
nvidia-confirm,fast-wide-50-fast-auto-r2,49.9770833333,15,steady,1800000,120000,67.099323,vulkan,2.010521,6.242934,27.762828,8.549627,1.567953,9.610974,0.199136,11.15491,6.284742,2.129382
nvidia-confirm,fast-wide-50-fast-auto-r2,49.9770833333,16,steady,1920000,120000,57.289768,vulkan,1.434366,3.786729,21.881888,5.842496,1.044505,7.127731,0.228148,15.94356,4.439705,3.639359
nvidia-confirm,fast-wide-50-fast-auto-r2,49.9770833333,17,steady,2040000,120000,56.994778,vulkan,2.218115,5.126465,25.141114,6.20176,1.054349,6.595663,0.207297,10.449357,7.024084,2.140425
nvidia-confirm,fast-wide-50-fast-auto-r2,49.9770833333,18,steady,2160000,120000,55.234873,vulkan,1.476318,4.03079,25.659034,5.89202,1.013716,6.624477,0.195025,10.343093,4.907354,2.118459
nvidia-confirm,fast-wide-50-fast-auto-r2,49.9770833333,19,steady,2280000,120000,52.530969,vulkan,1.488385,7.003669,20.019965,5.877986,1.008357,6.513099,0.23722,10.381883,4.576058,2.090772
nvidia-confirm,fast-wide-50-fast-auto-r3,49.9770833333,0,gpu_qualification,0,120000,112.679576,cpu,2.713481,5.960507,31.607643,54.4264,1.059717,6.578387,0.042791,10.289878,8.895843,1.561192
nvidia-confirm,fast-wide-50-fast-auto-r3,49.9770833333,1,gpu_qualification,120000,120000,107.118347,cpu,1.423544,5.536135,34.402097,47.49182,1.069278,6.541692,0.047769,10.605539,4.413197,1.559849
nvidia-confirm,fast-wide-50-fast-auto-r3,49.9770833333,2,gpu_qualification,240000,120000,77.050789,cpu,1.455333,4.452851,22.64293,30.501674,1.040421,6.568434,0.046804,10.341934,4.496353,1.574434
nvidia-confirm,fast-wide-50-fast-auto-r3,49.9770833333,3,steady,360000,120000,51.344195,vulkan,1.409754,3.55561,21.635675,6.638022,1.056154,6.654647,0.051527,10.342588,4.794829,2.090051
nvidia-confirm,fast-wide-50-fast-auto-r3,49.9770833333,4,steady,480000,120000,50.363079,vulkan,1.419069,3.864572,20.423378,6.550076,1.064749,6.622791,0.061337,10.3569,4.348985,2.116044
nvidia-confirm,fast-wide-50-fast-auto-r3,49.9770833333,5,steady,600000,120000,56.631275,vulkan,1.416088,4.852728,25.773482,6.533061,1.039693,6.560922,0.060804,10.394288,4.411367,2.116949
nvidia-confirm,fast-wide-50-fast-auto-r3,49.9770833333,6,steady,720000,120000,59.171702,vulkan,1.673166,4.498741,28.223272,6.584048,1.062377,6.57396,0.067027,10.488915,5.112179,2.107772
nvidia-confirm,fast-wide-50-fast-auto-r3,49.9770833333,7,steady,840000,120000,55.819516,vulkan,1.42206,5.132515,24.384934,6.518463,1.055198,6.685392,0.067195,10.553426,4.405591,2.111967
nvidia-confirm,fast-wide-50-fast-auto-r3,49.9770833333,8,steady,960000,120000,52.461831,vulkan,1.424313,4.006018,22.030166,6.59975,1.057003,6.647648,0.077933,10.618623,4.503252,2.128841
nvidia-confirm,fast-wide-50-fast-auto-r3,49.9770833333,9,steady,1080000,120000,52.909881,vulkan,1.436614,4.01063,22.870246,6.59298,1.078452,6.522973,0.091686,10.306076,4.791145,2.145426
nvidia-confirm,fast-wide-50-fast-auto-r3,49.9770833333,10,steady,1200000,120000,52.569986,vulkan,1.42176,3.930489,22.672943,6.524507,1.040765,6.585445,0.113829,10.279978,4.419238,2.09152
nvidia-confirm,fast-wide-50-fast-auto-r3,49.9770833333,11,steady,1320000,120000,49.687167,vulkan,1.41835,3.883181,19.763365,6.370066,1.009929,6.829385,0.109914,10.302692,4.478377,2.201302
nvidia-confirm,fast-wide-50-fast-auto-r3,49.9770833333,12,steady,1440000,120000,56.567973,vulkan,1.436682,4.142803,25.735601,6.420098,1.049072,7.35469,0.122557,10.30596,4.872015,2.114591
nvidia-confirm,fast-wide-50-fast-auto-r3,49.9770833333,13,steady,1560000,120000,53.608806,vulkan,1.449721,3.971633,23.176016,6.528622,1.020174,6.8269,0.152224,10.48327,4.625195,2.139244
nvidia-confirm,fast-wide-50-fast-auto-r3,49.9770833333,14,steady,1680000,120000,53.233654,vulkan,1.432632,3.932248,22.735869,6.748814,1.034904,6.813526,0.172985,10.362453,4.475092,2.258768
nvidia-confirm,fast-wide-50-fast-auto-r3,49.9770833333,15,steady,1800000,120000,52.962053,vulkan,1.417333,4.195381,22.413109,6.476737,1.034636,6.605844,0.173082,10.645443,4.828034,2.131154
nvidia-confirm,fast-wide-50-fast-auto-r3,49.9770833333,16,steady,1920000,120000,52.793767,vulkan,1.685864,4.390671,21.918453,6.639195,1.05384,6.483294,0.178372,10.443814,4.49493,2.107199
nvidia-confirm,fast-wide-50-fast-auto-r3,49.9770833333,17,steady,2040000,120000,51.212401,vulkan,1.424748,4.047445,20.676612,6.493558,1.038503,6.619097,0.196567,10.71556,4.438708,2.094341
nvidia-confirm,fast-wide-50-fast-auto-r3,49.9770833333,18,steady,2160000,120000,52.681259,vulkan,1.479478,3.983683,22.24749,6.555011,1.069402,6.668171,0.215349,10.462282,5.010868,2.173963
nvidia-confirm,fast-wide-50-fast-auto-r3,49.9770833333,19,steady,2280000,120000,54.488424,vulkan,1.516751,3.835245,23.684408,6.479326,1.086387,7.246575,0.240556,10.39872,4.552091,2.552708
nvidia-confirm,fast-wide-50-fast-cpu-r1,49.9770833333,0,cold,0,120000,130.218755,cpu,2.789339,6.193527,29.52454,73.665719,1.048856,6.540378,0.046156,10.409938,9.221094,1.604944
nvidia-confirm,fast-wide-50-fast-cpu-r1,49.9770833333,1,warmup,120000,120000,103.568639,cpu,1.478135,5.359031,35.584094,42.745635,1.070901,6.894639,0.049457,10.38644,4.530825,1.71828
nvidia-confirm,fast-wide-50-fast-cpu-r1,49.9770833333,2,warmup,240000,120000,144.364167,cpu,1.436626,4.325717,39.685057,80.760359,1.060271,6.598065,0.045331,10.452356,4.386406,1.577729
nvidia-confirm,fast-wide-50-fast-cpu-r1,49.9770833333,3,steady,360000,120000,89.320359,cpu,1.415293,4.32443,26.267606,39.201886,1.062857,6.6336,0.052949,10.361311,4.873675,1.58554
nvidia-confirm,fast-wide-50-fast-cpu-r1,49.9770833333,4,steady,480000,120000,129.468824,cpu,1.440512,7.409175,48.834524,53.767595,1.047779,6.524992,0.062004,10.381771,4.552861,1.571236
nvidia-confirm,fast-wide-50-fast-cpu-r1,49.9770833333,5,steady,600000,120000,93.488924,cpu,1.406795,3.865644,27.076832,42.793326,1.048688,6.812551,0.060473,10.424417,4.451684,1.556804
nvidia-confirm,fast-wide-50-fast-cpu-r1,49.9770833333,6,steady,720000,120000,82.701167,cpu,1.424012,4.375405,26.601755,32.201101,1.036513,6.692103,0.064472,10.305542,4.868993,1.572542
nvidia-confirm,fast-wide-50-fast-cpu-r1,49.9770833333,7,steady,840000,120000,94.109222,cpu,1.432352,3.790717,26.002928,44.705962,1.034363,6.497149,0.068446,10.577085,4.405351,1.56884
nvidia-confirm,fast-wide-50-fast-cpu-r1,49.9770833333,8,steady,960000,120000,93.284575,cpu,1.413968,4.039719,25.793737,44.100416,1.06606,6.509011,0.079105,10.28217,4.43381,1.602067
nvidia-confirm,fast-wide-50-fast-cpu-r1,49.9770833333,9,steady,1080000,120000,104.93576,cpu,1.412277,4.285117,33.024141,47.985998,1.034497,6.702167,0.103471,10.387905,4.778019,1.579373
nvidia-confirm,fast-wide-50-fast-cpu-r1,49.9770833333,10,steady,1200000,120000,85.358055,cpu,1.476424,4.997471,26.074173,34.658247,1.050594,6.569999,0.124938,10.405851,4.477238,1.583825
nvidia-confirm,fast-wide-50-fast-cpu-r1,49.9770833333,11,steady,1320000,120000,87.546555,cpu,1.460291,4.309221,26.700279,37.20662,1.029701,6.472909,0.106158,10.26115,4.489324,1.553658
nvidia-confirm,fast-wide-50-fast-cpu-r1,49.9770833333,12,steady,1440000,120000,82.753287,cpu,1.419531,5.381106,28.712342,28.94756,1.07822,6.582041,0.128145,10.504042,4.801721,1.577488
nvidia-confirm,fast-wide-50-fast-cpu-r1,49.9770833333,13,steady,1560000,120000,85.835246,cpu,1.47995,4.090682,25.536586,36.348059,1.025487,6.881907,0.147427,10.324921,4.61028,1.581262
nvidia-confirm,fast-wide-50-fast-cpu-r1,49.9770833333,14,steady,1680000,120000,105.006863,cpu,1.464565,5.134126,26.577413,50.348816,1.408776,9.45793,0.147605,10.467248,4.893679,1.561548
nvidia-confirm,fast-wide-50-fast-cpu-r1,49.9770833333,15,steady,1800000,120000,93.409057,cpu,1.451061,5.340945,32.460931,35.979723,1.036879,6.509948,0.169272,10.459918,4.951624,1.583867
nvidia-confirm,fast-wide-50-fast-cpu-r1,49.9770833333,16,steady,1920000,120000,76.843692,cpu,1.43651,3.914227,23.758552,29.558074,1.020716,6.547662,0.17913,10.428662,4.462904,1.554246
nvidia-confirm,fast-wide-50-fast-cpu-r1,49.9770833333,17,steady,2040000,120000,71.156411,cpu,1.522145,3.872133,21.796588,25.727765,1.037746,6.565005,0.197267,10.43748,4.445828,1.556677
nvidia-confirm,fast-wide-50-fast-cpu-r1,49.9770833333,18,steady,2160000,120000,94.24752,cpu,1.426425,5.642088,22.17352,44.92395,1.121439,7.127941,0.207109,11.624777,4.794876,1.690229
nvidia-confirm,fast-wide-50-fast-cpu-r1,49.9770833333,19,steady,2280000,120000,89.389067,cpu,1.432596,5.00603,23.389575,41.457074,1.044759,6.553399,0.225608,10.279607,4.483849,1.551492
nvidia-confirm,fast-wide-50-fast-cpu-r2,49.9770833333,0,cold,0,120000,75.870299,cpu,2.977325,5.006202,24.453941,25.469481,1.026799,6.549059,0.03981,10.347063,9.022304,1.557859
nvidia-confirm,fast-wide-50-fast-cpu-r2,49.9770833333,1,warmup,120000,120000,88.874257,cpu,1.455235,3.880334,21.785112,43.408757,1.094928,6.756286,0.04226,10.451066,4.434383,1.551626
nvidia-confirm,fast-wide-50-fast-cpu-r2,49.9770833333,2,warmup,240000,120000,77.109966,cpu,1.439116,3.852941,24.110578,29.67091,1.046052,6.638673,0.043697,10.307656,4.487021,1.55913
nvidia-confirm,fast-wide-50-fast-cpu-r2,49.9770833333,3,steady,360000,120000,71.15746,cpu,1.420152,3.604671,21.489772,26.589816,1.093981,6.580767,0.055838,10.322241,4.739497,1.555634
nvidia-confirm,fast-wide-50-fast-cpu-r2,49.9770833333,4,steady,480000,120000,78.404833,cpu,1.417932,3.432626,21.424254,34.181268,1.035206,6.535612,0.056863,10.320768,4.423352,1.560995
nvidia-confirm,fast-wide-50-fast-cpu-r2,49.9770833333,5,steady,600000,120000,81.850866,cpu,1.412301,3.711574,22.503461,36.206861,1.026398,6.564457,0.061589,10.363931,4.421344,1.548371
nvidia-confirm,fast-wide-50-fast-cpu-r2,49.9770833333,6,steady,720000,120000,80.435303,cpu,1.419606,4.036104,24.084177,32.905088,1.052678,6.516601,0.065864,10.355005,4.798133,1.57315
nvidia-confirm,fast-wide-50-fast-cpu-r2,49.9770833333,7,steady,840000,120000,70.640374,cpu,1.440411,3.926404,21.551405,25.780195,1.009916,6.567424,0.066211,10.29817,4.400164,1.552174
nvidia-confirm,fast-wide-50-fast-cpu-r2,49.9770833333,8,steady,960000,120000,77.270478,cpu,1.419483,3.677149,20.947408,32.008877,1.003336,6.980361,0.080546,11.153117,4.381381,1.702925
nvidia-confirm,fast-wide-50-fast-cpu-r2,49.9770833333,9,steady,1080000,120000,66.974464,cpu,1.566492,3.983777,18.572144,24.653297,1.026995,6.534048,0.100984,10.536483,5.381675,1.54821
nvidia-confirm,fast-wide-50-fast-cpu-r2,49.9770833333,10,steady,1200000,120000,76.655995,cpu,1.443782,4.054345,25.589951,27.412665,1.008166,6.54233,0.108353,10.496191,4.436528,1.550609
nvidia-confirm,fast-wide-50-fast-cpu-r2,49.9770833333,11,steady,1320000,120000,65.229442,cpu,1.423771,3.549102,17.733127,24.410302,1.011048,6.506633,0.155186,10.439996,4.46882,1.551451
nvidia-confirm,fast-wide-50-fast-cpu-r2,49.9770833333,12,steady,1440000,120000,79.389412,cpu,1.435193,3.708015,19.765609,35.660281,1.025511,6.79854,0.134651,10.86129,4.973175,1.555078
nvidia-confirm,fast-wide-50-fast-cpu-r2,49.9770833333,13,steady,1560000,120000,71.04313,cpu,1.448772,3.71774,22.568667,25.106421,1.02443,6.573069,0.139587,10.464058,4.632774,1.560258
nvidia-confirm,fast-wide-50-fast-cpu-r2,49.9770833333,14,steady,1680000,120000,63.87739,cpu,1.440361,3.589661,16.648786,23.879731,1.013405,6.793502,0.163987,10.347714,4.406249,1.591592
nvidia-confirm,fast-wide-50-fast-cpu-r2,49.9770833333,15,steady,1800000,120000,67.447489,cpu,1.423841,3.630971,19.792663,24.195332,1.04645,6.690112,0.168383,10.499587,4.951959,1.556202
nvidia-confirm,fast-wide-50-fast-cpu-r2,49.9770833333,16,steady,1920000,120000,73.684776,cpu,1.474524,3.896776,21.024869,28.916838,1.048267,6.650653,0.185981,10.486566,4.481686,1.56232
nvidia-confirm,fast-wide-50-fast-cpu-r2,49.9770833333,17,steady,2040000,120000,98.923912,cpu,1.451811,4.5756,25.381912,49.175296,1.0502,6.671158,0.208066,10.409498,4.541634,1.575806
nvidia-confirm,fast-wide-50-fast-cpu-r2,49.9770833333,18,steady,2160000,120000,79.917243,cpu,1.419674,4.326512,27.120288,28.970632,1.047011,6.569749,0.204302,10.258801,4.928234,1.56096
nvidia-confirm,fast-wide-50-fast-cpu-r2,49.9770833333,19,steady,2280000,120000,92.362368,cpu,1.43686,3.750045,28.931894,39.93015,1.065799,6.493792,0.233557,10.520012,4.50009,1.544455
nvidia-confirm,fast-wide-50-fast-cpu-r3,49.9770833333,0,cold,0,120000,83.435751,cpu,2.719141,5.047527,22.266622,35.389487,1.012217,6.679465,0.040256,10.280779,8.55502,1.56472
nvidia-confirm,fast-wide-50-fast-cpu-r3,49.9770833333,1,warmup,120000,120000,85.061608,cpu,1.44742,3.843551,23.283478,38.296434,1.10251,6.537617,0.038404,10.511701,4.559369,1.54528
nvidia-confirm,fast-wide-50-fast-cpu-r3,49.9770833333,2,warmup,240000,120000,86.291237,cpu,1.484083,3.56932,22.748534,37.40508,1.044311,9.615096,0.042141,10.38238,4.448919,1.562015
nvidia-confirm,fast-wide-50-fast-cpu-r3,49.9770833333,3,steady,360000,120000,84.467411,cpu,1.436257,3.853831,27.245401,33.960297,1.033487,6.553019,0.053377,10.331231,4.849753,1.553056
nvidia-confirm,fast-wide-50-fast-cpu-r3,49.9770833333,4,steady,480000,120000,87.748321,cpu,1.407989,3.806002,26.328829,37.996715,1.059352,6.683221,0.058331,10.407583,4.387068,1.559089
nvidia-confirm,fast-wide-50-fast-cpu-r3,49.9770833333,5,steady,600000,120000,86.465076,cpu,1.422965,3.686442,20.343557,42.716468,1.038593,6.787647,0.060726,10.408454,4.493866,1.575161
nvidia-confirm,fast-wide-50-fast-cpu-r3,49.9770833333,6,steady,720000,120000,71.843617,cpu,1.494237,3.959081,21.099593,26.903413,1.103164,6.758091,0.065428,10.46012,4.828596,1.618235
nvidia-confirm,fast-wide-50-fast-cpu-r3,49.9770833333,7,steady,840000,120000,96.956038,cpu,1.436396,4.938668,27.596076,44.824824,1.044729,6.533362,0.07529,10.506392,4.444729,1.59963
nvidia-confirm,fast-wide-50-fast-cpu-r3,49.9770833333,8,steady,960000,120000,94.280946,cpu,1.445261,4.501412,29.159432,36.932802,1.628943,10.049977,0.079909,10.482588,4.765087,1.591534
nvidia-confirm,fast-wide-50-fast-cpu-r3,49.9770833333,9,steady,1080000,120000,78.191948,cpu,1.416759,3.856903,24.871352,29.823724,1.036846,6.670711,0.101121,10.414161,4.788136,1.579476
nvidia-confirm,fast-wide-50-fast-cpu-r3,49.9770833333,10,steady,1200000,120000,84.044536,cpu,1.452322,4.098376,24.636891,34.942153,1.040021,7.372339,0.12086,10.381124,4.546944,1.559885
nvidia-confirm,fast-wide-50-fast-cpu-r3,49.9770833333,11,steady,1320000,120000,121.76158,cpu,1.490589,4.40041,28.617201,69.020364,1.037802,6.59166,0.119081,10.484157,4.675264,1.567074
nvidia-confirm,fast-wide-50-fast-cpu-r3,49.9770833333,12,steady,1440000,120000,83.669899,cpu,1.414985,4.460847,24.177236,35.433173,1.092534,6.666659,0.121109,10.303147,4.805365,1.613094
nvidia-confirm,fast-wide-50-fast-cpu-r3,49.9770833333,13,steady,1560000,120000,69.621498,cpu,1.440688,3.711417,21.323696,24.97442,1.054329,6.498577,0.156635,10.461335,4.595079,1.588519
nvidia-confirm,fast-wide-50-fast-cpu-r3,49.9770833333,14,steady,1680000,120000,71.112462,cpu,1.570797,3.517203,21.48919,26.035253,1.036915,6.756672,0.148849,10.557086,4.420414,1.5762
nvidia-confirm,fast-wide-50-fast-cpu-r3,49.9770833333,15,steady,1800000,120000,79.991974,cpu,1.413649,3.560014,20.037359,36.63743,1.037887,6.630157,0.163909,10.511211,4.782485,1.571913
nvidia-confirm,fast-wide-50-fast-cpu-r3,49.9770833333,16,steady,1920000,120000,85.00318,cpu,1.439129,4.032677,24.837097,36.490223,1.040284,6.595887,0.175428,10.392156,4.432751,1.551335
nvidia-confirm,fast-wide-50-fast-cpu-r3,49.9770833333,17,steady,2040000,120000,110.778795,cpu,1.433579,3.839183,23.744218,63.221851,1.031148,6.468795,0.201109,10.838519,4.482931,1.535028
nvidia-confirm,fast-wide-50-fast-cpu-r3,49.9770833333,18,steady,2160000,120000,72.024487,cpu,1.429133,4.127418,21.262933,27.083912,1.071825,6.562933,0.21822,10.26787,4.805278,1.551826
nvidia-confirm,fast-wide-50-fast-cpu-r3,49.9770833333,19,steady,2280000,120000,79.409637,cpu,1.498515,3.480632,21.354897,34.670062,1.044011,6.585695,0.221295,10.554255,4.42287,1.718627
nvidia-confirm,fast-wide-50-fast-gpu-r1,49.9770833333,0,gpu_qualification,0,120000,101.39976,cpu,2.774644,5.652877,24.024308,50.955152,1.052207,6.545263,0.042802,10.352146,8.915658,1.596684
nvidia-confirm,fast-wide-50-fast-gpu-r1,49.9770833333,1,gpu_qualification,120000,120000,90.715106,cpu,2.274812,4.931617,23.506804,41.986384,1.057404,6.546129,0.040094,10.371433,5.168318,1.577841
nvidia-confirm,fast-wide-50-fast-gpu-r1,49.9770833333,2,gpu_qualification,240000,120000,79.032867,cpu,1.480539,3.996131,23.069072,32.228245,1.026631,6.814737,0.044788,10.372431,4.429654,1.554062
nvidia-confirm,fast-wide-50-fast-gpu-r1,49.9770833333,3,steady,360000,120000,50.993205,vulkan,1.40897,4.331629,21.458668,5.803471,1.026699,6.61243,0.053768,10.297275,4.746856,2.104726
nvidia-confirm,fast-wide-50-fast-gpu-r1,49.9770833333,4,steady,480000,120000,52.626829,vulkan,1.441765,4.261339,22.909975,6.053599,1.052685,6.514226,0.058906,10.333952,4.401674,2.10534
nvidia-confirm,fast-wide-50-fast-gpu-r1,49.9770833333,5,steady,600000,120000,52.808506,vulkan,1.396572,3.909362,22.636283,5.849338,1.02627,6.551929,0.057818,11.380488,4.493803,2.150492
nvidia-confirm,fast-wide-50-fast-gpu-r1,49.9770833333,6,steady,720000,120000,65.62885,vulkan,1.712524,4.462222,35.647511,5.827643,1.035813,6.50176,0.064929,10.376119,5.603144,2.110268
nvidia-confirm,fast-wide-50-fast-gpu-r1,49.9770833333,7,steady,840000,120000,50.88923,vulkan,1.434412,4.006255,21.813653,5.801802,1.01115,6.505917,0.065611,10.250084,4.395892,2.11221
nvidia-confirm,fast-wide-50-fast-gpu-r1,49.9770833333,8,steady,960000,120000,52.10254,vulkan,1.416134,4.007057,22.53801,5.890944,1.026782,6.768469,0.084673,10.370256,4.455199,2.178158
nvidia-confirm,fast-wide-50-fast-gpu-r1,49.9770833333,9,steady,1080000,120000,55.092305,vulkan,1.444292,4.027052,25.540709,6.049384,1.045155,6.54414,0.093279,10.348151,4.896501,2.166079
nvidia-confirm,fast-wide-50-fast-gpu-r1,49.9770833333,10,steady,1200000,120000,53.95281,vulkan,1.440741,4.535399,21.271366,7.899589,1.710884,6.544235,0.110821,10.439395,4.487153,2.106758
nvidia-confirm,fast-wide-50-fast-gpu-r1,49.9770833333,11,steady,1320000,120000,55.858117,vulkan,1.415221,3.717605,27.008661,5.751975,1.024529,6.55311,0.112323,10.274433,4.446774,2.118896
nvidia-confirm,fast-wide-50-fast-gpu-r1,49.9770833333,12,steady,1440000,120000,51.567059,vulkan,1.409317,3.925667,22.014046,6.031708,1.032043,6.470451,0.120534,10.563158,4.81945,2.105631
nvidia-confirm,fast-wide-50-fast-gpu-r1,49.9770833333,13,steady,1560000,120000,52.537212,vulkan,1.508178,3.848564,23.162057,5.782786,1.027319,6.560058,0.152159,10.495832,4.449316,2.193965
nvidia-confirm,fast-wide-50-fast-gpu-r1,49.9770833333,14,steady,1680000,120000,52.028393,vulkan,1.420647,3.86933,22.865349,5.817724,1.017739,6.556788,0.152225,10.32832,4.458243,2.108087
nvidia-confirm,fast-wide-50-fast-gpu-r1,49.9770833333,15,steady,1800000,120000,56.998968,vulkan,1.464992,5.657116,25.98218,5.817869,1.039401,6.523959,0.173622,10.339481,4.892531,2.123248
nvidia-confirm,fast-wide-50-fast-gpu-r1,49.9770833333,16,steady,1920000,120000,53.030472,vulkan,1.438535,3.646656,23.930948,5.86129,1.056621,6.541827,0.183456,10.370818,4.469969,2.131528
nvidia-confirm,fast-wide-50-fast-gpu-r1,49.9770833333,17,steady,2040000,120000,55.46743,vulkan,1.430718,4.485567,25.23028,5.980315,1.042559,6.702014,0.252354,10.343051,4.487931,2.104276
nvidia-confirm,fast-wide-50-fast-gpu-r1,49.9770833333,18,steady,2160000,120000,51.41191,vulkan,1.430307,4.009957,21.746911,6.014973,1.008364,6.509411,0.222177,10.469352,5.07741,2.110668
nvidia-confirm,fast-wide-50-fast-gpu-r1,49.9770833333,19,steady,2280000,120000,50.362756,vulkan,1.442631,4.050026,20.586308,5.946081,1.036551,6.655039,0.268655,10.377048,4.464976,2.115468
nvidia-confirm,fast-wide-50-fast-gpu-r2,49.9770833333,0,gpu_qualification,0,120000,97.582011,cpu,2.744684,6.28398,24.247197,46.379128,1.03235,6.479969,0.038857,10.375169,8.98089,1.576641
nvidia-confirm,fast-wide-50-fast-gpu-r2,49.9770833333,1,gpu_qualification,120000,120000,85.749181,cpu,1.454237,4.533956,22.267831,39.360533,1.103667,6.556752,0.042544,10.42912,4.473979,1.541126
nvidia-confirm,fast-wide-50-fast-gpu-r2,49.9770833333,2,gpu_qualification,240000,120000,82.315146,cpu,1.441517,4.179397,22.093805,36.088412,1.105493,6.928356,0.045579,10.432392,4.515196,1.589888
nvidia-confirm,fast-wide-50-fast-gpu-r2,49.9770833333,3,steady,360000,120000,52.826971,vulkan,1.445117,3.596772,23.296681,6.436291,1.065505,6.599451,0.052585,10.334197,5.079936,2.098079
nvidia-confirm,fast-wide-50-fast-gpu-r2,49.9770833333,4,steady,480000,120000,47.63714,vulkan,1.432931,3.806729,17.914085,6.472119,1.041277,6.554636,0.053118,10.361929,4.395194,2.121118
nvidia-confirm,fast-wide-50-fast-gpu-r2,49.9770833333,5,steady,600000,120000,63.088458,vulkan,1.404982,4.029439,20.625462,8.339688,1.64187,10.359545,0.087067,16.600065,4.425561,3.06731
nvidia-confirm,fast-wide-50-fast-gpu-r2,49.9770833333,6,steady,720000,120000,70.270664,vulkan,1.556908,4.026873,27.550246,10.283804,1.863532,11.261924,0.096092,13.630915,6.074853,2.11171
nvidia-confirm,fast-wide-50-fast-gpu-r2,49.9770833333,7,steady,840000,120000,60.896853,vulkan,1.472486,3.962443,19.696329,8.519132,1.629174,10.913872,0.096867,14.606151,4.456753,2.209949
nvidia-confirm,fast-wide-50-fast-gpu-r2,49.9770833333,8,steady,960000,120000,60.233199,vulkan,1.47788,4.462868,18.677099,7.532386,1.598786,10.366352,0.11532,16.002203,4.467012,2.919566
nvidia-confirm,fast-wide-50-fast-gpu-r2,49.9770833333,9,steady,1080000,120000,63.655048,vulkan,2.00468,4.79567,24.711809,6.76494,1.312869,9.736814,0.11875,14.209088,6.42352,2.819797
nvidia-confirm,fast-wide-50-fast-gpu-r2,49.9770833333,10,steady,1200000,120000,63.126525,vulkan,1.849071,4.773013,24.796387,9.104511,1.516873,9.471479,0.131901,11.482839,5.695655,2.118134
nvidia-confirm,fast-wide-50-fast-gpu-r2,49.9770833333,11,steady,1320000,120000,54.02157,vulkan,2.093742,4.044359,23.441511,6.388643,1.117693,6.516475,0.108711,10.310063,4.499249,2.113477
nvidia-confirm,fast-wide-50-fast-gpu-r2,49.9770833333,12,steady,1440000,120000,47.729916,vulkan,1.438094,3.616587,18.38514,6.29184,1.022194,6.53353,0.121259,10.32113,4.84157,2.102076
nvidia-confirm,fast-wide-50-fast-gpu-r2,49.9770833333,13,steady,1560000,120000,54.932697,vulkan,1.428043,3.568794,18.047748,6.295402,1.171246,9.147505,0.180476,15.093223,4.415254,3.124587
nvidia-confirm,fast-wide-50-fast-gpu-r2,49.9770833333,14,steady,1680000,120000,63.002831,vulkan,2.235193,5.903166,30.071545,6.537265,1.048377,6.715108,0.154554,10.337261,7.346207,2.095553
nvidia-confirm,fast-wide-50-fast-gpu-r2,49.9770833333,15,steady,1800000,120000,54.303556,vulkan,1.435407,3.57167,17.942975,6.614384,1.217015,9.155078,0.201407,14.165414,4.785071,2.466294
nvidia-confirm,fast-wide-50-fast-gpu-r2,49.9770833333,16,steady,1920000,120000,61.978021,vulkan,1.444463,3.97395,26.003112,7.026812,1.353075,10.319551,0.214154,11.642555,4.552096,2.126356
nvidia-confirm,fast-wide-50-fast-gpu-r2,49.9770833333,17,steady,2040000,120000,68.900569,vulkan,1.462975,4.038355,24.89073,9.152436,1.84917,11.046533,0.269069,16.190832,4.475189,2.73337
nvidia-confirm,fast-wide-50-fast-gpu-r2,49.9770833333,18,steady,2160000,120000,57.865547,vulkan,1.416281,3.93829,22.821665,6.75993,1.074687,8.406443,0.248037,13.200002,5.528862,2.336217
nvidia-confirm,fast-wide-50-fast-gpu-r2,49.9770833333,19,steady,2280000,120000,52.527551,vulkan,1.449385,3.94074,21.216976,6.378269,1.028819,7.776097,0.22604,10.510895,4.45661,2.116584
nvidia-confirm,fast-wide-50-fast-gpu-r3,49.9770833333,0,gpu_qualification,0,120000,81.470186,cpu,2.653859,4.910624,18.251075,37.843729,1.022063,6.467743,0.039184,10.281305,9.212472,1.562731
nvidia-confirm,fast-wide-50-fast-gpu-r3,49.9770833333,1,gpu_qualification,120000,120000,76.149601,cpu,1.453892,3.808553,17.348786,35.624321,1.016047,6.528385,0.038837,10.330628,4.364,1.553724
nvidia-confirm,fast-wide-50-fast-gpu-r3,49.9770833333,2,gpu_qualification,240000,120000,73.6504,cpu,1.429991,3.38776,16.649685,34.27304,1.027476,6.513925,0.042145,10.32616,4.398103,1.533458
nvidia-confirm,fast-wide-50-fast-gpu-r3,49.9770833333,3,steady,360000,120000,58.734903,vulkan,1.407099,3.877702,18.850632,8.882406,1.486909,9.418638,0.069693,14.741604,4.730387,3.080404
nvidia-confirm,fast-wide-50-fast-gpu-r3,49.9770833333,4,steady,480000,120000,65.156939,vulkan,1.747234,4.072078,26.854805,6.720567,1.423255,9.152104,0.079476,15.107075,5.66255,2.724623
nvidia-confirm,fast-wide-50-fast-gpu-r3,49.9770833333,5,steady,600000,120000,55.957095,vulkan,1.468097,4.216038,25.431204,6.536557,1.028761,6.805476,0.061493,10.409149,4.721551,2.106861
nvidia-confirm,fast-wide-50-fast-gpu-r3,49.9770833333,6,steady,720000,120000,58.610812,vulkan,1.41112,3.87066,28.8259,6.557037,1.035035,6.48862,0.068942,10.353139,4.94567,2.128567
nvidia-confirm,fast-wide-50-fast-gpu-r3,49.9770833333,7,steady,840000,120000,69.765242,vulkan,1.744922,5.747825,37.544597,6.562508,1.041876,6.557672,0.065249,10.500234,5.211636,2.118179
nvidia-confirm,fast-wide-50-fast-gpu-r3,49.9770833333,8,steady,960000,120000,56.23637,vulkan,1.415818,3.963252,26.161866,6.298209,1.201648,6.599996,0.077182,10.518245,4.484418,2.174752
nvidia-confirm,fast-wide-50-fast-gpu-r3,49.9770833333,9,steady,1080000,120000,57.914302,vulkan,1.422494,4.024762,24.878887,7.469613,1.031007,7.350814,0.093927,11.64254,4.802998,2.771141
nvidia-confirm,fast-wide-50-fast-gpu-r3,49.9770833333,10,steady,1200000,120000,75.97113,vulkan,1.798367,5.433332,34.072367,8.878567,1.419052,10.682029,0.168497,13.518355,4.571189,2.819855
nvidia-confirm,fast-wide-50-fast-gpu-r3,49.9770833333,11,steady,1320000,120000,57.770439,vulkan,2.409094,3.92271,26.079697,6.702289,1.041156,7.140757,0.114262,10.360075,5.77309,2.176413
nvidia-confirm,fast-wide-50-fast-gpu-r3,49.9770833333,12,steady,1440000,120000,54.040171,vulkan,1.440353,3.956969,23.649776,6.626706,1.059726,6.83493,0.124085,10.346959,5.042507,2.245178
nvidia-confirm,fast-wide-50-fast-gpu-r3,49.9770833333,13,steady,1560000,120000,58.299452,vulkan,1.460093,3.829762,27.708798,6.777103,1.02863,6.559906,0.151006,10.783715,4.796899,2.133384
nvidia-confirm,fast-wide-50-fast-gpu-r3,49.9770833333,14,steady,1680000,120000,60.372188,vulkan,1.640167,3.823184,29.569329,6.970626,1.165051,6.558983,0.235621,10.408719,4.554891,2.117648
nvidia-confirm,fast-wide-50-fast-gpu-r3,49.9770833333,15,steady,1800000,120000,53.969888,vulkan,1.512348,5.854148,21.237385,6.915087,1.034825,6.566552,0.173958,10.674856,5.02383,2.127345
nvidia-confirm,fast-wide-50-fast-gpu-r3,49.9770833333,16,steady,1920000,120000,62.640257,vulkan,1.432714,3.694286,31.859934,7.23495,1.035149,6.639664,0.179993,10.563057,4.485997,2.112123
nvidia-confirm,fast-wide-50-fast-gpu-r3,49.9770833333,17,steady,2040000,120000,55.509934,vulkan,1.462018,4.23724,25.111543,6.534389,1.0535,6.529176,0.202596,10.379005,4.528323,2.106098
nvidia-confirm,fast-wide-50-fast-gpu-r3,49.9770833333,18,steady,2160000,120000,55.862,vulkan,1.441272,4.175247,25.121176,6.722341,1.064218,6.713543,0.207626,10.41636,4.849697,2.233514
nvidia-confirm,fast-wide-50-fast-gpu-r3,49.9770833333,19,steady,2280000,120000,64.035112,vulkan,1.47007,4.433471,33.454861,6.406154,1.03484,6.697039,0.231641,10.306809,4.570813,2.114372
nvidia-confirm,fast-wide-50-upstream-cpu-r1,49.9770833333,0,cold,0,120000,79.459827,cpu,2.767237,5.073613,23.164063,29.60809,0.00075,7.693341,0.041707,11.110816,8.74036,0.378691
nvidia-confirm,fast-wide-50-upstream-cpu-r1,49.9770833333,1,warmup,120000,120000,70.643803,cpu,1.263191,4.2623,22.407515,23.942675,0.000625,7.655102,0.038627,11.07351,4.436881,0.393399
nvidia-confirm,fast-wide-50-upstream-cpu-r1,49.9770833333,2,warmup,240000,120000,65.099445,cpu,1.240338,4.135798,16.75323,24.088307,0.000846,7.775459,0.043399,11.061846,4.453711,0.408931
nvidia-confirm,fast-wide-50-upstream-cpu-r1,49.9770833333,3,steady,360000,120000,70.308974,cpu,1.244106,3.813242,16.328596,26.256098,0.00123,8.539762,0.061291,14.064448,4.777367,0.386448
nvidia-confirm,fast-wide-50-upstream-cpu-r1,49.9770833333,4,steady,480000,120000,68.140924,cpu,1.273083,3.812321,17.975072,24.939348,0.000689,8.300537,0.07106,11.768581,4.412419,0.39558
nvidia-confirm,fast-wide-50-upstream-cpu-r1,49.9770833333,5,steady,600000,120000,78.107693,cpu,1.303293,4.562626,22.492229,30.63868,0.000609,7.709532,0.062783,11.33767,4.470206,0.539278
nvidia-confirm,fast-wide-50-upstream-cpu-r1,49.9770833333,6,steady,720000,120000,77.120522,cpu,1.286569,3.809316,17.805186,34.950463,0.000542,7.911809,0.090559,11.265779,4.943969,0.386534
nvidia-confirm,fast-wide-50-upstream-cpu-r1,49.9770833333,7,steady,840000,120000,65.964074,cpu,1.253127,3.767837,17.710297,24.530309,0.000729,7.675754,0.07737,10.948404,4.41525,0.385391
nvidia-confirm,fast-wide-50-upstream-cpu-r1,49.9770833333,8,steady,960000,120000,66.926399,cpu,1.270517,3.708385,16.431053,26.759278,0.000638,7.672706,0.098862,10.984739,4.365102,0.385688
nvidia-confirm,fast-wide-50-upstream-cpu-r1,49.9770833333,9,steady,1080000,120000,75.998874,cpu,1.248606,4.156914,21.401592,28.913318,0.001016,7.75796,0.105961,12.413342,4.81376,0.41045
nvidia-confirm,fast-wide-50-upstream-cpu-r1,49.9770833333,10,steady,1200000,120000,90.287016,cpu,1.264594,4.414665,26.927881,33.001795,0.001072,11.452852,0.182456,13.041359,4.486506,0.419723
nvidia-confirm,fast-wide-50-upstream-cpu-r1,49.9770833333,11,steady,1320000,120000,72.543241,cpu,1.287406,3.943859,22.111047,26.100726,0.000771,7.895279,0.157293,11.046504,4.488283,0.407696
nvidia-confirm,fast-wide-50-upstream-cpu-r1,49.9770833333,12,steady,1440000,120000,67.647555,cpu,1.244337,3.834878,18.405234,25.105316,0.001026,7.661659,0.134788,11.260123,5.215412,0.439505
nvidia-confirm,fast-wide-50-upstream-cpu-r1,49.9770833333,13,steady,1560000,120000,94.798424,cpu,1.468013,4.213396,25.765114,44.386749,0.000785,7.818448,0.16448,10.981163,5.515842,0.399298
nvidia-confirm,fast-wide-50-upstream-cpu-r1,49.9770833333,14,steady,1680000,120000,90.345131,cpu,1.262896,4.219893,26.154288,39.489746,0.000968,7.895748,0.176931,11.144134,4.524954,0.421481
nvidia-confirm,fast-wide-50-upstream-cpu-r1,49.9770833333,15,steady,1800000,120000,82.816583,cpu,1.263127,4.413126,31.346225,26.714911,0.000745,7.676868,0.184708,11.216625,4.967235,0.413416
nvidia-confirm,fast-wide-50-upstream-cpu-r1,49.9770833333,16,steady,1920000,120000,92.398629,cpu,1.25461,5.380176,21.573259,40.528357,0.001059,11.387345,0.292262,11.981305,4.500441,0.4033
nvidia-confirm,fast-wide-50-upstream-cpu-r1,49.9770833333,17,steady,2040000,120000,82.456405,cpu,1.256592,3.968651,22.553953,35.658761,0.000887,7.726117,0.252187,11.038964,4.524387,0.43724
nvidia-confirm,fast-wide-50-upstream-cpu-r1,49.9770833333,18,steady,2160000,120000,77.543675,cpu,1.248884,5.791014,22.978426,28.294992,0.001021,7.814147,0.2174,11.197574,4.893076,0.410723
nvidia-confirm,fast-wide-50-upstream-cpu-r1,49.9770833333,19,steady,2280000,120000,94.060777,cpu,1.258837,4.394882,32.396289,36.789678,0.000788,7.769558,0.272578,11.177885,4.539071,0.412398
nvidia-confirm,fast-wide-50-upstream-cpu-r2,49.9770833333,0,cold,0,120000,80.240266,cpu,2.757776,4.911963,22.031893,31.5291,0.00078,7.798916,0.043345,11.166073,9.064739,1.156945
nvidia-confirm,fast-wide-50-upstream-cpu-r2,49.9770833333,1,warmup,120000,120000,66.889889,cpu,1.348176,4.359955,17.37566,24.7645,0.00073,7.934183,0.037509,11.068817,4.46964,1.144669
nvidia-confirm,fast-wide-50-upstream-cpu-r2,49.9770833333,2,warmup,240000,120000,63.964178,cpu,1.240435,3.832925,16.172732,23.690522,0.000778,7.879969,0.043937,11.102597,4.431389,1.165727
nvidia-confirm,fast-wide-50-upstream-cpu-r2,49.9770833333,3,steady,360000,120000,80.482434,cpu,1.243032,5.525259,18.481549,36.121628,0.000998,7.883761,0.054464,11.171445,4.877477,1.190124
nvidia-confirm,fast-wide-50-upstream-cpu-r2,49.9770833333,4,steady,480000,120000,68.679831,cpu,1.248476,4.161522,19.868539,24.609256,0.000678,7.677091,0.058743,11.055326,4.486427,1.142217
nvidia-confirm,fast-wide-50-upstream-cpu-r2,49.9770833333,5,steady,600000,120000,84.24654,cpu,1.26269,4.009413,20.800443,38.975462,0.001943,8.119571,0.063834,11.012779,4.465989,1.142386
nvidia-confirm,fast-wide-50-upstream-cpu-r2,49.9770833333,6,steady,720000,120000,96.787891,cpu,1.237881,5.537643,27.295616,43.350397,0.000709,8.080634,0.072876,11.211961,5.132026,1.158742
nvidia-confirm,fast-wide-50-upstream-cpu-r2,49.9770833333,7,steady,840000,120000,69.717045,cpu,1.271186,4.049761,20.658032,24.517952,0.000714,8.059987,0.104051,11.055113,4.449022,1.133342
nvidia-confirm,fast-wide-50-upstream-cpu-r2,49.9770833333,8,steady,960000,120000,64.886739,cpu,1.252346,3.737122,17.090023,23.641558,0.000842,8.02398,0.10981,11.030793,4.589598,1.146606
nvidia-confirm,fast-wide-50-upstream-cpu-r2,49.9770833333,9,steady,1080000,120000,64.522417,cpu,1.245772,3.853876,16.545097,23.815483,0.001107,7.79935,0.094711,11.166787,4.942616,1.148794
nvidia-confirm,fast-wide-50-upstream-cpu-r2,49.9770833333,10,steady,1200000,120000,65.772308,cpu,1.843597,4.008582,16.93633,24.065338,0.000761,7.701051,0.127624,11.088647,4.419984,1.127884
nvidia-confirm,fast-wide-50-upstream-cpu-r2,49.9770833333,11,steady,1320000,120000,69.121547,cpu,1.266699,3.867796,16.956029,23.584567,0.000729,8.66588,0.176629,14.602918,4.441858,1.471006
nvidia-confirm,fast-wide-50-upstream-cpu-r2,49.9770833333,12,steady,1440000,120000,74.094299,cpu,1.376943,4.264564,17.76813,28.132796,0.000874,8.011452,0.159314,14.38003,5.805297,1.235712
nvidia-confirm,fast-wide-50-upstream-cpu-r2,49.9770833333,13,steady,1560000,120000,81.048382,cpu,1.272445,4.384348,22.174152,34.377786,0.0008,7.678739,0.17092,10.988877,4.505072,1.162029
nvidia-confirm,fast-wide-50-upstream-cpu-r2,49.9770833333,14,steady,1680000,120000,68.453135,cpu,1.254444,3.980786,20.359759,24.040717,0.000738,7.65461,0.183599,10.977925,4.487776,1.132266
nvidia-confirm,fast-wide-50-upstream-cpu-r2,49.9770833333,15,steady,1800000,120000,67.859059,cpu,1.285543,4.050675,17.941434,25.683535,0.000829,7.703433,0.200246,10.99312,4.798776,1.157918
nvidia-confirm,fast-wide-50-upstream-cpu-r2,49.9770833333,16,steady,1920000,120000,73.433823,cpu,1.260909,4.818889,21.621886,26.275126,0.000921,7.934103,0.218816,11.302924,4.533468,1.175869
nvidia-confirm,fast-wide-50-upstream-cpu-r2,49.9770833333,17,steady,2040000,120000,85.710753,cpu,1.27202,3.989305,19.112346,40.139939,0.000874,7.982784,0.245844,12.967367,4.456773,1.459822
nvidia-confirm,fast-wide-50-upstream-cpu-r2,49.9770833333,18,steady,2160000,120000,88.668048,cpu,1.486683,4.439773,25.1039,38.616365,0.001004,7.793261,0.216104,11.010706,6.051312,1.141225
nvidia-confirm,fast-wide-50-upstream-cpu-r2,49.9770833333,19,steady,2280000,120000,100.517868,cpu,1.27819,4.112398,25.707549,50.342686,0.0009,7.783615,0.257015,11.035127,4.529115,1.154269
nvidia-confirm,fast-wide-50-upstream-cpu-r3,49.9770833333,0,cold,0,120000,84.168886,cpu,2.785531,5.103862,20.810414,36.521982,0.000916,7.842444,0.043075,11.06029,9.023117,1.173413
nvidia-confirm,fast-wide-50-upstream-cpu-r3,49.9770833333,1,warmup,120000,120000,86.576194,cpu,1.277457,4.676378,24.976266,36.821905,0.001009,7.733483,0.043832,11.045611,4.573673,1.128216
nvidia-confirm,fast-wide-50-upstream-cpu-r3,49.9770833333,2,warmup,240000,120000,95.731175,cpu,1.240238,4.166558,24.661877,46.845033,0.000881,7.80545,0.047321,10.963407,4.474106,1.141959
nvidia-confirm,fast-wide-50-upstream-cpu-r3,49.9770833333,3,steady,360000,120000,97.873262,cpu,1.265764,4.193992,25.873935,47.436033,0.000943,7.972034,0.058851,11.071466,4.861614,1.343546
nvidia-confirm,fast-wide-50-upstream-cpu-r3,49.9770833333,4,steady,480000,120000,102.797919,cpu,1.271296,4.123985,26.224367,51.937502,0.000953,7.919727,0.0599,11.259857,4.543359,1.145893
nvidia-confirm,fast-wide-50-upstream-cpu-r3,49.9770833333,5,steady,600000,120000,102.021476,cpu,1.259336,6.682714,35.254385,39.673785,0.00115,7.937566,0.062046,11.150027,4.59584,1.189012
nvidia-confirm,fast-wide-50-upstream-cpu-r3,49.9770833333,6,steady,720000,120000,91.995618,cpu,1.274675,3.708404,22.474459,45.592478,0.000862,7.808438,0.07601,11.059792,4.926567,1.151123
nvidia-confirm,fast-wide-50-upstream-cpu-r3,49.9770833333,7,steady,840000,120000,97.087326,cpu,1.270865,4.370711,25.105881,46.977609,0.000719,8.063005,0.075868,11.222202,4.507052,1.212787
nvidia-confirm,fast-wide-50-upstream-cpu-r3,49.9770833333,8,steady,960000,120000,82.173205,cpu,1.240358,4.415114,30.228763,27.172556,0.000845,7.934137,0.09828,11.082777,4.535131,1.176724
nvidia-confirm,fast-wide-50-upstream-cpu-r3,49.9770833333,9,steady,1080000,120000,81.686614,cpu,1.254675,3.861876,25.535643,32.284514,0.000651,7.666085,0.100014,10.982913,4.886506,1.150875
nvidia-confirm,fast-wide-50-upstream-cpu-r3,49.9770833333,10,steady,1200000,120000,121.018154,cpu,1.301776,3.959843,24.090467,72.34801,0.00121,8.006892,0.11837,11.191419,4.436919,1.171495
nvidia-confirm,fast-wide-50-upstream-cpu-r3,49.9770833333,11,steady,1320000,120000,85.185104,cpu,1.262964,4.322485,23.946156,36.498578,0.000735,7.801585,0.132583,11.219771,4.488643,1.173132
nvidia-confirm,fast-wide-50-upstream-cpu-r3,49.9770833333,12,steady,1440000,120000,107.264093,cpu,1.280863,3.855206,32.624905,50.468709,0.000987,7.901088,0.137467,10.994624,5.096091,1.155784
nvidia-confirm,fast-wide-50-upstream-cpu-r3,49.9770833333,13,steady,1560000,120000,99.25475,cpu,1.265671,4.331976,23.873688,50.481599,0.000808,8.09702,0.164147,11.039574,4.583336,1.170501
nvidia-confirm,fast-wide-50-upstream-cpu-r3,49.9770833333,14,steady,1680000,120000,70.175925,cpu,1.270405,3.987843,19.686119,26.115657,0.000967,7.817489,0.170608,11.126523,4.722831,1.157017
nvidia-confirm,fast-wide-50-upstream-cpu-r3,49.9770833333,15,steady,1800000,120000,73.689808,cpu,1.297856,4.089948,21.217454,26.822752,0.000905,8.809505,0.267564,11.183427,4.916457,1.175533
nvidia-confirm,fast-wide-50-upstream-cpu-r3,49.9770833333,16,steady,1920000,120000,99.672572,cpu,1.254557,3.743007,28.637164,45.946842,0.000631,7.885541,0.194558,12.00987,4.545652,1.15902
nvidia-confirm,fast-wide-50-upstream-cpu-r3,49.9770833333,17,steady,2040000,120000,82.594201,cpu,1.258578,4.485961,21.578692,36.105431,0.000751,7.823006,0.247066,11.094439,4.476725,1.143873
nvidia-confirm,fast-wide-50-upstream-cpu-r3,49.9770833333,18,steady,2160000,120000,84.266619,cpu,1.25354,4.461028,23.918674,35.552995,0.001098,7.785004,0.215787,11.078268,4.981189,1.131277
nvidia-confirm,fast-wide-50-upstream-cpu-r3,49.9770833333,19,steady,2280000,120000,82.796063,cpu,1.263474,4.039893,24.273252,34.082409,0.000915,7.691749,0.261976,11.182139,4.473856,1.146734
nvidia-confirm,mid-wide-200-fast-auto-r1,199.815416667,0,gpu_qualification,0,480000,285.792489,cpu,11.482769,19.001614,85.885995,116.843812,3.053737,19.415184,0.051524,30.056614,37.901404,4.670939
nvidia-confirm,mid-wide-200-fast-auto-r1,199.815416667,1,gpu_qualification,480000,480000,271.556858,cpu,5.727368,20.836316,76.165958,115.926496,3.097013,19.405473,0.060716,30.336619,18.105556,4.639013
nvidia-confirm,mid-wide-200-fast-auto-r1,199.815416667,2,gpu_qualification,960000,480000,271.576683,cpu,5.665201,16.413695,81.178428,114.157009,3.650873,20.267234,0.070415,30.173113,18.055775,4.774163
nvidia-confirm,mid-wide-200-fast-auto-r1,199.815416667,3,steady,1440000,480000,174.527355,vulkan,6.90049,16.684659,65.140287,26.001841,4.03874,22.468414,0.08849,33.203812,21.598254,7.545043
nvidia-confirm,mid-wide-200-fast-auto-r1,199.815416667,4,steady,1920000,480000,169.003414,vulkan,6.822949,16.373397,69.010883,24.095338,3.161521,19.374978,0.115119,30.048781,22.140645,6.406856
nvidia-confirm,mid-wide-200-fast-auto-r1,199.815416667,5,steady,2400000,480000,166.545694,vulkan,6.873763,16.421656,65.706814,24.277314,3.105024,20.051196,0.166358,29.942875,21.21371,6.252699
nvidia-confirm,mid-wide-200-fast-auto-r1,199.815416667,6,steady,2880000,480000,200.129492,vulkan,5.621014,15.749547,81.664263,28.001684,4.560543,27.295132,0.208733,37.027849,18.565136,6.294402
nvidia-confirm,mid-wide-200-fast-auto-r1,199.815416667,7,steady,3360000,480000,198.73623,vulkan,5.76826,16.785726,100.217518,22.806035,3.135879,19.791484,0.186049,30.044571,18.768072,6.200413
nvidia-confirm,mid-wide-200-fast-auto-r1,199.815416667,8,steady,3840000,480000,168.355668,vulkan,5.669112,16.006119,66.294435,26.898861,3.310071,19.828837,0.234382,30.113063,18.046426,6.314265
nvidia-confirm,mid-wide-200-fast-auto-r1,199.815416667,9,steady,4320000,480000,178.752849,vulkan,5.653968,15.92307,74.164832,27.925412,3.771543,19.715169,0.245827,31.351942,18.233319,6.223385
nvidia-confirm,mid-wide-200-fast-auto-r1,199.815416667,10,steady,4800000,480000,167.081451,vulkan,5.754493,16.373356,66.484392,24.768119,3.135232,19.681045,0.274569,30.609403,18.361537,6.453848
nvidia-confirm,mid-wide-200-fast-auto-r1,199.815416667,11,steady,5280000,480000,190.911324,vulkan,5.697022,17.380539,91.131792,23.760048,3.117968,19.388762,0.308581,30.125642,18.324934,6.407493
nvidia-confirm,mid-wide-200-fast-auto-r1,199.815416667,12,steady,5760000,480000,207.450046,vulkan,6.855879,16.379912,93.402144,35.143166,4.255167,20.698239,0.345406,30.369568,20.961872,6.261164
nvidia-confirm,mid-wide-200-fast-auto-r1,199.815416667,13,steady,6240000,480000,204.977573,vulkan,5.630188,17.803036,98.686105,28.036361,3.101433,20.372786,0.390858,30.955914,18.49022,6.260307
nvidia-confirm,mid-wide-200-fast-auto-r1,199.815416667,14,steady,6720000,480000,191.435635,vulkan,5.642677,16.461846,86.93704,28.192238,3.162547,20.317861,0.431481,30.289136,18.178159,6.318999
nvidia-confirm,mid-wide-200-fast-auto-r1,199.815416667,15,steady,7200000,480000,215.503964,vulkan,5.739348,17.108359,98.990725,34.584474,3.564372,24.697124,0.454821,30.363718,18.388377,6.257251
nvidia-confirm,mid-wide-200-fast-auto-r1,199.815416667,16,steady,7680000,480000,205.993032,vulkan,5.883515,15.951124,71.439398,43.55957,5.882258,31.809465,0.586965,30.880376,18.189446,6.289077
nvidia-confirm,mid-wide-200-fast-auto-r1,199.815416667,17,steady,8160000,480000,203.137155,vulkan,6.273654,17.530774,71.139455,41.345991,4.767813,28.021151,0.789565,33.267812,18.074351,6.421116
nvidia-confirm,mid-wide-200-fast-auto-r1,199.815416667,18,steady,8640000,480000,186.828074,vulkan,5.636936,15.62253,67.444812,35.809704,3.820152,27.433782,0.698118,30.361549,18.069668,6.274416
nvidia-confirm,mid-wide-200-fast-auto-r1,199.815416667,19,steady,9120000,480000,187.384122,vulkan,5.683249,15.861973,76.048494,35.152369,3.078984,19.983012,0.650464,30.925124,18.055488,6.365451
nvidia-confirm,mid-wide-200-fast-auto-r2,199.815416667,0,gpu_qualification,0,480000,260.505455,cpu,11.250598,18.565345,65.443701,112.481725,3.16691,19.567212,0.050878,29.978778,32.581113,4.742107
nvidia-confirm,mid-wide-200-fast-auto-r2,199.815416667,1,gpu_qualification,480000,480000,266.195544,cpu,5.775059,22.389266,90.935277,94.068802,3.088917,19.49785,0.067062,30.373031,18.235842,4.775471
nvidia-confirm,mid-wide-200-fast-auto-r2,199.815416667,2,gpu_qualification,960000,480000,230.855314,cpu,5.688338,16.206053,68.560052,83.807878,3.139309,23.250163,0.069518,30.133477,18.121277,4.675595
nvidia-confirm,mid-wide-200-fast-auto-r2,199.815416667,3,steady,1440000,480000,166.098043,vulkan,5.744866,16.94911,67.671099,22.56916,3.106413,19.89411,0.088743,30.073828,18.470386,6.277196
nvidia-confirm,mid-wide-200-fast-auto-r2,199.815416667,4,steady,1920000,480000,165.532821,vulkan,5.714235,15.423327,67.82486,23.520182,3.134308,19.675528,0.154995,30.084942,17.985984,6.277553
nvidia-confirm,mid-wide-200-fast-auto-r2,199.815416667,5,steady,2400000,480000,172.186433,vulkan,5.656549,15.392993,71.904272,22.43943,3.68033,22.582872,0.148666,30.380766,18.124778,6.245218
nvidia-confirm,mid-wide-200-fast-auto-r2,199.815416667,6,steady,2880000,480000,181.586915,vulkan,5.674321,15.517138,84.672028,21.616132,3.760513,20.222397,0.166667,29.957285,18.639104,6.252724
nvidia-confirm,mid-wide-200-fast-auto-r2,199.815416667,7,steady,3360000,480000,182.167151,vulkan,5.668092,16.342528,85.681929,21.113832,3.147493,19.877255,0.185841,30.149768,18.235189,6.371832
nvidia-confirm,mid-wide-200-fast-auto-r2,199.815416667,8,steady,3840000,480000,190.808344,vulkan,5.682087,16.438568,91.977283,23.339068,3.091089,20.031102,0.23716,30.011597,20.235965,6.431438
nvidia-confirm,mid-wide-200-fast-auto-r2,199.815416667,9,steady,4320000,480000,177.428418,vulkan,6.844343,16.42623,70.075375,28.650026,4.170578,20.947613,0.238155,30.075698,21.4732,6.213315
nvidia-confirm,mid-wide-200-fast-auto-r2,199.815416667,10,steady,4800000,480000,159.894673,vulkan,5.637911,15.178302,63.540782,21.95053,3.125119,19.938768,0.272595,30.250447,18.443856,6.291642
nvidia-confirm,mid-wide-200-fast-auto-r2,199.815416667,11,steady,5280000,480000,175.63466,vulkan,5.681721,15.42221,70.541781,27.334138,4.369791,21.952725,0.283509,30.048448,18.094482,6.273986
nvidia-confirm,mid-wide-200-fast-auto-r2,199.815416667,12,steady,5760000,480000,176.097507,vulkan,5.678497,15.986942,68.007389,31.465907,4.135404,20.143357,0.344765,30.334586,18.188331,6.269057
nvidia-confirm,mid-wide-200-fast-auto-r2,199.815416667,13,steady,6240000,480000,178.758402,vulkan,5.610166,15.598421,74.895543,27.381092,3.144258,21.416644,0.38481,30.326946,18.256821,6.282727
nvidia-confirm,mid-wide-200-fast-auto-r2,199.815416667,14,steady,6720000,480000,175.245992,vulkan,5.892694,15.075555,68.341276,30.546102,3.976424,20.902495,0.422612,30.088389,18.190214,6.290085
nvidia-confirm,mid-wide-200-fast-auto-r2,199.815416667,15,steady,7200000,480000,174.200767,vulkan,5.667826,16.138673,70.650219,28.472926,3.205994,19.388232,0.475089,30.201347,18.074436,6.287213
nvidia-confirm,mid-wide-200-fast-auto-r2,199.815416667,16,steady,7680000,480000,184.091328,vulkan,5.632487,16.630179,73.762921,27.520359,4.379011,25.590976,0.499753,30.07533,18.305285,6.256939
nvidia-confirm,mid-wide-200-fast-auto-r2,199.815416667,17,steady,8160000,480000,207.624696,vulkan,5.678641,16.115198,97.598772,33.477767,3.138784,20.363145,0.540243,30.711693,17.932916,6.271643
nvidia-confirm,mid-wide-200-fast-auto-r2,199.815416667,18,steady,8640000,480000,207.237414,vulkan,5.696131,17.369333,96.578343,33.095327,3.138536,19.728475,0.587839,31.042833,18.153885,6.570119
nvidia-confirm,mid-wide-200-fast-auto-r2,199.815416667,19,steady,9120000,480000,201.12457,vulkan,6.932218,16.603171,83.690788,38.491202,4.032801,20.623687,0.645849,30.104555,24.096771,6.294299
nvidia-confirm,mid-wide-200-fast-auto-r3,199.815416667,0,gpu_qualification,0,480000,276.652615,cpu,11.28814,18.552131,93.520438,100.222657,3.049823,19.945888,0.052716,30.020328,32.412855,4.758237
nvidia-confirm,mid-wide-200-fast-auto-r3,199.815416667,1,gpu_qualification,480000,480000,258.430953,cpu,5.772848,22.319789,82.094277,94.816834,3.07315,20.121855,0.061278,30.170613,18.222351,4.630793
nvidia-confirm,mid-wide-200-fast-auto-r3,199.815416667,2,gpu_qualification,960000,480000,242.017561,cpu,5.616818,15.95348,78.299888,88.124741,3.518435,19.924197,0.067402,30.512051,17.880593,4.693959
nvidia-confirm,mid-wide-200-fast-auto-r3,199.815416667,3,steady,1440000,480000,172.293768,vulkan,5.67638,16.119843,72.033806,25.16377,3.131814,19.65697,0.088856,30.422033,18.582348,6.308618
nvidia-confirm,mid-wide-200-fast-auto-r3,199.815416667,4,steady,1920000,480000,174.752172,vulkan,5.859568,15.565826,75.014917,23.451697,3.13873,20.088145,0.112235,31.520572,18.131504,6.560287
nvidia-confirm,mid-wide-200-fast-auto-r3,199.815416667,5,steady,2400000,480000,179.207627,vulkan,6.066348,17.480701,77.261649,23.445436,3.087469,19.495476,0.148874,32.220953,19.143492,7.567276
nvidia-confirm,mid-wide-200-fast-auto-r3,199.815416667,6,steady,2880000,480000,167.473066,vulkan,5.640492,16.368982,67.652619,24.893028,3.129916,19.723378,0.158373,29.905847,18.909146,6.28456
nvidia-confirm,mid-wide-200-fast-auto-r3,199.815416667,7,steady,3360000,480000,201.739106,vulkan,6.008551,20.370944,85.5685,28.354251,4.81934,26.277763,0.180711,30.158645,18.328879,6.274742
nvidia-confirm,mid-wide-200-fast-auto-r3,199.815416667,8,steady,3840000,480000,181.8195,vulkan,5.715194,17.721722,81.020927,24.293591,3.093142,19.441524,0.216098,30.316868,18.26943,6.271792
nvidia-confirm,mid-wide-200-fast-auto-r3,199.815416667,9,steady,4320000,480000,183.642191,vulkan,6.030226,19.135091,78.29128,25.044112,4.000963,20.501543,0.276689,30.361659,18.243892,6.528871
nvidia-confirm,mid-wide-200-fast-auto-r3,199.815416667,10,steady,4800000,480000,181.974805,vulkan,5.677739,16.314824,72.301564,29.955978,4.890097,22.401488,0.271249,30.161584,20.79313,6.332692
nvidia-confirm,mid-wide-200-fast-auto-r3,199.815416667,11,steady,5280000,480000,188.704111,vulkan,5.655263,16.377711,69.069732,35.705507,4.2041,25.089867,0.281653,32.319977,18.169273,7.585997
nvidia-confirm,mid-wide-200-fast-auto-r3,199.815416667,12,steady,5760000,480000,175.279595,vulkan,6.897045,16.264291,65.541295,32.577776,3.746079,19.959505,0.337967,29.95505,22.510291,6.300851
nvidia-confirm,mid-wide-200-fast-auto-r3,199.815416667,13,steady,6240000,480000,188.085931,vulkan,5.624671,16.568491,65.193649,32.816513,4.216546,27.434296,0.536162,35.695254,18.274015,6.579852
nvidia-confirm,mid-wide-200-fast-auto-r3,199.815416667,14,steady,6720000,480000,177.599152,vulkan,5.639684,16.061932,66.214306,32.452506,4.50911,22.36375,0.420067,29.937442,18.130431,6.294603
nvidia-confirm,mid-wide-200-fast-auto-r3,199.815416667,15,steady,7200000,480000,181.230685,vulkan,5.65891,16.137215,73.215789,32.65206,3.378889,19.60219,0.449985,30.135357,17.977471,6.338549
nvidia-confirm,mid-wide-200-fast-auto-r3,199.815416667,16,steady,7680000,480000,203.778441,vulkan,5.670317,15.812435,84.884701,40.304069,4.21748,22.225623,0.499603,30.163903,18.228652,6.271275
nvidia-confirm,mid-wide-200-fast-auto-r3,199.815416667,17,steady,8160000,480000,204.891623,vulkan,5.680354,16.367139,91.998147,35.841017,3.424138,20.256055,0.540838,30.783531,17.958578,6.314158
nvidia-confirm,mid-wide-200-fast-auto-r3,199.815416667,18,steady,8640000,480000,217.438065,vulkan,5.903527,18.250054,104.855941,35.034534,3.06596,19.575385,0.58953,30.162526,18.215131,6.333073
nvidia-confirm,mid-wide-200-fast-auto-r3,199.815416667,19,steady,9120000,480000,200.099118,vulkan,6.950971,16.94076,85.873174,36.373683,3.116502,19.749163,0.647724,30.446618,19.584887,6.318312
nvidia-confirm,mid-wide-200-fast-cpu-r1,199.815416667,0,cold,0,480000,262.561352,cpu,11.366724,21.798028,89.5035,86.460616,3.112114,19.596655,0.053768,30.669373,32.656228,4.688722
nvidia-confirm,mid-wide-200-fast-cpu-r1,199.815416667,1,warmup,480000,480000,236.270077,cpu,5.720816,16.268345,82.001607,79.771746,3.078425,19.428488,0.058338,29.941774,18.050654,4.627802
nvidia-confirm,mid-wide-200-fast-cpu-r1,199.815416667,2,warmup,960000,480000,207.93076,cpu,5.642376,15.870874,67.327725,66.605899,3.053622,19.439178,0.064498,29.926296,18.001724,4.622144
nvidia-confirm,mid-wide-200-fast-cpu-r1,199.815416667,3,steady,1440000,480000,223.188522,cpu,5.650356,15.333999,65.922082,83.265891,3.085948,19.772975,0.093748,30.063089,18.450705,4.63035
nvidia-confirm,mid-wide-200-fast-cpu-r1,199.815416667,4,steady,1920000,480000,251.622673,cpu,5.641307,16.350073,78.15921,98.018589,3.109846,19.514202,0.106583,30.722495,18.004893,4.644783
nvidia-confirm,mid-wide-200-fast-cpu-r1,199.815416667,5,steady,2400000,480000,227.118802,cpu,6.094591,16.750321,76.944646,73.657494,3.149735,19.824521,0.149829,30.546988,18.582585,4.710304
nvidia-confirm,mid-wide-200-fast-cpu-r1,199.815416667,6,steady,2880000,480000,218.173953,cpu,5.921774,17.163572,68.351517,73.789265,3.190934,19.503671,0.158094,30.094716,20.228413,4.700145
nvidia-confirm,mid-wide-200-fast-cpu-r1,199.815416667,7,steady,3360000,480000,209.526056,cpu,5.655784,17.314459,67.459553,66.486465,3.11772,19.441997,0.17135,29.878425,18.297536,4.622034
nvidia-confirm,mid-wide-200-fast-cpu-r1,199.815416667,8,steady,3840000,480000,221.084955,cpu,5.660606,17.860376,65.275991,70.616532,3.159947,23.740443,0.24027,34.530471,18.127407,4.928752
nvidia-confirm,mid-wide-200-fast-cpu-r1,199.815416667,9,steady,4320000,480000,220.775421,cpu,5.675842,16.219213,75.550038,69.964038,3.148455,19.660992,0.233908,30.322222,18.289959,4.61301
nvidia-confirm,mid-wide-200-fast-cpu-r1,199.815416667,10,steady,4800000,480000,237.613464,cpu,5.865051,16.112449,93.489887,69.094558,3.095064,19.732762,0.270914,29.952432,18.398901,4.67989
nvidia-confirm,mid-wide-200-fast-cpu-r1,199.815416667,11,steady,5280000,480000,232.606659,cpu,5.713571,15.436812,75.26848,83.019845,3.121835,19.597593,0.287912,30.160164,17.941176,4.617748
nvidia-confirm,mid-wide-200-fast-cpu-r1,199.815416667,12,steady,5760000,480000,249.627557,cpu,5.6193,15.470025,74.591211,100.012837,3.102775,19.545751,0.347553,30.937598,18.044088,4.76165
nvidia-confirm,mid-wide-200-fast-cpu-r1,199.815416667,13,steady,6240000,480000,236.90733,cpu,5.967597,16.57899,72.274621,89.077374,3.10017,19.526934,0.396397,29.984772,19.273634,4.658591
nvidia-confirm,mid-wide-200-fast-cpu-r1,199.815416667,14,steady,6720000,480000,234.621938,cpu,5.655372,16.934683,87.497645,71.439468,3.088628,19.472495,0.406597,30.126668,18.02548,4.655987
nvidia-confirm,mid-wide-200-fast-cpu-r1,199.815416667,15,steady,7200000,480000,230.014003,cpu,5.659775,16.596228,69.961277,84.726802,3.111933,19.54582,0.445429,29.966363,18.060393,4.660575
nvidia-confirm,mid-wide-200-fast-cpu-r1,199.815416667,16,steady,7680000,480000,230.580747,cpu,5.789603,15.569299,64.904581,90.5981,3.212559,19.655411,0.504589,30.346257,18.325012,4.643664
nvidia-confirm,mid-wide-200-fast-cpu-r1,199.815416667,17,steady,8160000,480000,241.56267,cpu,5.81294,19.341374,91.037209,71.411667,3.120125,20.012082,0.567296,30.259395,18.402981,4.661801
nvidia-confirm,mid-wide-200-fast-cpu-r1,199.815416667,18,steady,8640000,480000,254.452604,cpu,5.659488,16.324938,67.510712,111.172473,3.125177,20.074722,0.583827,30.00079,17.875269,4.668218
nvidia-confirm,mid-wide-200-fast-cpu-r1,199.815416667,19,steady,9120000,480000,244.609233,cpu,5.624337,16.329703,87.292878,81.093163,3.303917,19.931176,0.666532,30.367115,18.017265,4.753453
nvidia-confirm,mid-wide-200-fast-cpu-r2,199.815416667,0,cold,0,480000,217.999288,cpu,11.240781,19.838816,65.680078,68.549689,3.046194,19.731024,0.052565,29.859407,32.399616,4.622068
nvidia-confirm,mid-wide-200-fast-cpu-r2,199.815416667,1,warmup,480000,480000,227.275155,cpu,5.774708,15.722543,75.452113,77.075574,3.063439,19.794309,0.059823,30.332387,17.984317,4.708421
nvidia-confirm,mid-wide-200-fast-cpu-r2,199.815416667,2,warmup,960000,480000,214.803902,cpu,5.738512,15.151241,69.028243,72.259123,3.054058,19.485463,0.066009,30.020859,18.209652,4.596977
nvidia-confirm,mid-wide-200-fast-cpu-r2,199.815416667,3,steady,1440000,480000,230.820877,cpu,5.626316,14.967738,81.135788,76.251711,3.059771,19.536794,0.091796,30.150718,18.397091,4.633503
nvidia-confirm,mid-wide-200-fast-cpu-r2,199.815416667,4,steady,1920000,480000,255.066617,cpu,5.643135,17.246394,86.905714,91.618367,3.09105,19.905829,0.106181,30.549699,18.091537,4.79268
nvidia-confirm,mid-wide-200-fast-cpu-r2,199.815416667,5,steady,2400000,480000,252.352711,cpu,6.880867,17.41258,86.291698,87.224083,3.060128,19.788026,0.153895,31.541005,20.786795,4.714309
nvidia-confirm,mid-wide-200-fast-cpu-r2,199.815416667,6,steady,2880000,480000,205.746465,cpu,5.63462,15.730319,66.473535,65.411275,3.02886,19.424644,0.161453,29.88151,19.064685,4.671883
nvidia-confirm,mid-wide-200-fast-cpu-r2,199.815416667,7,steady,3360000,480000,219.199659,cpu,5.654072,15.964375,75.201739,66.049791,3.123048,19.571365,0.174808,33.460233,18.144499,4.728753
nvidia-confirm,mid-wide-200-fast-cpu-r2,199.815416667,8,steady,3840000,480000,275.31391,cpu,6.849307,23.670618,100.521978,90.717293,3.169235,19.739023,0.212777,30.433255,20.48488,4.790102
nvidia-confirm,mid-wide-200-fast-cpu-r2,199.815416667,9,steady,4320000,480000,235.232321,cpu,5.714127,16.56392,79.462441,80.400879,3.191781,19.602199,0.22854,30.067916,18.464939,4.58342
nvidia-confirm,mid-wide-200-fast-cpu-r2,199.815416667,10,steady,4800000,480000,254.450615,cpu,5.675778,19.101145,94.426346,77.005251,3.094105,20.197089,0.283083,34.667531,18.823274,4.810908
nvidia-confirm,mid-wide-200-fast-cpu-r2,199.815416667,11,steady,5280000,480000,253.810814,cpu,5.734229,16.902779,92.429486,78.400516,4.25572,25.579612,0.290078,30.217885,19.077392,4.675684
nvidia-confirm,mid-wide-200-fast-cpu-r2,199.815416667,12,steady,5760000,480000,276.503381,cpu,8.590303,21.46726,80.455361,112.335819,3.063014,19.816328,0.349894,30.424856,19.293507,4.808935
nvidia-confirm,mid-wide-200-fast-cpu-r2,199.815416667,13,steady,6240000,480000,236.533975,cpu,5.773618,16.447304,92.652825,68.082672,3.06217,19.876754,0.381262,30.257052,18.558417,4.670237
nvidia-confirm,mid-wide-200-fast-cpu-r2,199.815416667,14,steady,6720000,480000,211.615025,cpu,5.910732,15.939991,69.623015,67.085724,3.035933,19.457435,0.416035,30.145623,18.359514,4.667725
nvidia-confirm,mid-wide-200-fast-cpu-r2,199.815416667,15,steady,7200000,480000,211.998739,cpu,5.808233,15.296216,69.474503,66.893914,3.065393,21.062921,0.434417,29.962808,18.091728,4.659337
nvidia-confirm,mid-wide-200-fast-cpu-r2,199.815416667,16,steady,7680000,480000,250.20066,cpu,5.641671,15.671138,83.668001,78.292217,3.715056,25.729538,0.56526,36.917474,18.314695,5.842131
nvidia-confirm,mid-wide-200-fast-cpu-r2,199.815416667,17,steady,8160000,480000,237.915202,cpu,7.964657,16.676225,86.272686,73.855086,3.085503,19.490795,0.533191,30.03686,29.312651,4.670676
nvidia-confirm,mid-wide-200-fast-cpu-r2,199.815416667,18,steady,8640000,480000,284.029166,cpu,5.689739,15.863481,84.892155,123.751983,3.108506,19.717419,0.613912,30.39168,17.963146,4.73377
nvidia-confirm,mid-wide-200-fast-cpu-r2,199.815416667,19,steady,9120000,480000,263.524464,cpu,5.650586,15.656453,84.798031,94.270328,3.093719,20.125268,0.761975,39.167798,19.334426,5.883258
nvidia-confirm,mid-wide-200-fast-cpu-r3,199.815416667,0,cold,0,480000,272.048543,cpu,16.185709,19.656515,82.016751,100.944653,3.102094,20.246141,0.056371,29.839978,32.613174,4.651614
nvidia-confirm,mid-wide-200-fast-cpu-r3,199.815416667,1,warmup,480000,480000,225.685585,cpu,5.691829,14.843959,65.435392,83.312719,3.132264,19.730171,0.063397,33.475403,18.208224,4.905337
nvidia-confirm,mid-wide-200-fast-cpu-r3,199.815416667,2,warmup,960000,480000,274.690996,cpu,5.686633,17.786295,91.842577,98.797722,3.232034,22.413175,0.077933,34.85418,18.338861,5.395854
nvidia-confirm,mid-wide-200-fast-cpu-r3,199.815416667,3,steady,1440000,480000,237.122548,cpu,6.780772,16.887947,84.234808,73.477126,3.05555,19.662421,0.12191,32.901465,20.880943,4.969325
nvidia-confirm,mid-wide-200-fast-cpu-r3,199.815416667,4,steady,1920000,480000,233.882322,cpu,5.690285,15.099232,80.445943,67.991017,4.447802,21.32271,0.119796,38.765128,18.412302,4.938287
nvidia-confirm,mid-wide-200-fast-cpu-r3,199.815416667,5,steady,2400000,480000,234.839435,cpu,5.646459,15.345764,68.477832,92.785726,3.074714,19.481167,0.145003,29.882333,20.770385,4.59838
nvidia-confirm,mid-wide-200-fast-cpu-r3,199.815416667,6,steady,2880000,480000,214.631864,cpu,5.590231,15.196479,67.527413,73.408164,3.049431,19.778985,0.168205,29.912584,18.545565,4.629935
nvidia-confirm,mid-wide-200-fast-cpu-r3,199.815416667,7,steady,3360000,480000,307.756951,cpu,5.705939,15.637513,90.569926,142.402474,3.516877,19.703887,0.178114,30.041882,18.267451,4.641009
nvidia-confirm,mid-wide-200-fast-cpu-r3,199.815416667,8,steady,3840000,480000,226.81026,cpu,5.705785,18.151159,79.374951,68.136359,3.127476,19.680438,0.233186,32.400409,18.194032,5.966242
nvidia-confirm,mid-wide-200-fast-cpu-r3,199.815416667,9,steady,4320000,480000,304.330818,cpu,6.541277,16.740221,121.022829,106.192737,3.164099,19.824704,0.233574,30.610693,23.373454,4.77724
nvidia-confirm,mid-wide-200-fast-cpu-r3,199.815416667,10,steady,4800000,480000,250.187251,cpu,5.66545,15.540969,85.421606,90.670463,3.105365,19.40074,0.266439,30.115704,18.709467,4.635693
nvidia-confirm,mid-wide-200-fast-cpu-r3,199.815416667,11,steady,5280000,480000,239.889745,cpu,5.670694,15.501095,96.515014,68.382724,3.110899,19.878915,0.291655,30.538279,17.968517,4.581803
nvidia-confirm,mid-wide-200-fast-cpu-r3,199.815416667,12,steady,5760000,480000,221.847561,cpu,6.071971,18.424748,69.162865,75.245416,3.102333,19.484593,0.341152,30.014177,19.478303,4.655229
nvidia-confirm,mid-wide-200-fast-cpu-r3,199.815416667,13,steady,6240000,480000,228.995012,cpu,5.600698,15.911503,65.384746,88.136279,3.396299,19.897371,0.383423,30.284305,18.668209,4.655486
nvidia-confirm,mid-wide-200-fast-cpu-r3,199.815416667,14,steady,6720000,480000,222.428273,cpu,5.82609,16.816514,78.546411,68.197658,3.052391,19.511777,0.413171,30.063657,18.329749,4.656466
nvidia-confirm,mid-wide-200-fast-cpu-r3,199.815416667,15,steady,7200000,480000,264.467549,cpu,5.651713,15.146436,87.086551,101.500399,3.124822,19.941585,0.451377,31.564346,18.109034,4.632448
nvidia-confirm,mid-wide-200-fast-cpu-r3,199.815416667,16,steady,7680000,480000,220.7231,cpu,5.8637,15.466029,74.058119,72.295045,3.084936,19.375182,0.487508,30.092199,18.578153,4.640529
nvidia-confirm,mid-wide-200-fast-cpu-r3,199.815416667,17,steady,8160000,480000,239.922874,cpu,5.706607,16.547982,79.179925,85.276578,3.12527,19.481528,0.545144,30.059611,17.91281,4.6746
nvidia-confirm,mid-wide-200-fast-cpu-r3,199.815416667,18,steady,8640000,480000,245.885919,cpu,5.716597,15.53653,83.123367,68.496065,4.149975,26.874459,0.731886,41.25655,17.974904,6.327684
nvidia-confirm,mid-wide-200-fast-cpu-r3,199.815416667,19,steady,9120000,480000,260.694255,cpu,7.833281,17.883668,100.269964,81.562994,3.0928,19.485868,0.637783,29.927435,24.244525,4.647443
nvidia-confirm,mid-wide-200-fast-gpu-r1,199.815416667,0,gpu_qualification,0,480000,255.530912,cpu,11.298752,19.177047,69.336109,103.323605,3.06342,19.322163,0.053936,29.955202,32.799578,4.633473
nvidia-confirm,mid-wide-200-fast-gpu-r1,199.815416667,1,gpu_qualification,480000,480000,285.972926,cpu,5.713748,19.444266,80.733487,127.441861,3.107036,19.425674,0.060539,30.045485,17.95559,4.66244
nvidia-confirm,mid-wide-200-fast-gpu-r1,199.815416667,2,gpu_qualification,960000,480000,251.137829,cpu,5.641771,16.551969,74.927203,101.298914,3.094024,19.52815,0.067801,30.027724,17.992214,4.610757
nvidia-confirm,mid-wide-200-fast-gpu-r1,199.815416667,3,steady,1440000,480000,195.87385,vulkan,5.637494,18.737643,94.537045,21.294976,3.117107,22.34482,0.096128,30.107925,18.404692,6.264223
nvidia-confirm,mid-wide-200-fast-gpu-r1,199.815416667,4,steady,1920000,480000,184.018165,vulkan,5.62688,17.294368,85.876636,22.043936,3.125023,19.891504,0.111023,30.048444,17.910463,6.427
nvidia-confirm,mid-wide-200-fast-gpu-r1,199.815416667,5,steady,2400000,480000,167.683413,vulkan,6.996318,17.136362,67.439749,22.656277,3.097631,20.12106,0.147392,30.088323,21.588771,6.370048
nvidia-confirm,mid-wide-200-fast-gpu-r1,199.815416667,6,steady,2880000,480000,163.365631,vulkan,5.627673,15.422627,67.116775,22.140656,3.421241,19.493483,0.166021,29.976746,18.489259,6.419566
nvidia-confirm,mid-wide-200-fast-gpu-r1,199.815416667,7,steady,3360000,480000,172.803382,vulkan,7.065662,16.698878,69.804471,23.354007,4.231768,21.467545,0.180586,30.000095,21.321468,6.23663
nvidia-confirm,mid-wide-200-fast-gpu-r1,199.815416667,8,steady,3840000,480000,185.400965,vulkan,5.68329,17.558673,86.52928,22.930901,3.127231,19.337706,0.217126,30.016305,17.994292,6.261394
nvidia-confirm,mid-wide-200-fast-gpu-r1,199.815416667,9,steady,4320000,480000,174.072695,vulkan,5.67156,16.306683,71.468283,23.167832,3.313829,19.9835,0.236365,33.92416,18.142579,6.254567
nvidia-confirm,mid-wide-200-fast-gpu-r1,199.815416667,10,steady,4800000,480000,192.981773,vulkan,5.636953,18.513562,93.640318,21.440899,3.222664,19.623327,0.277524,30.626219,19.251051,6.710634
nvidia-confirm,mid-wide-200-fast-gpu-r1,199.815416667,11,steady,5280000,480000,196.749488,vulkan,5.734347,17.420637,86.205259,22.918366,4.113166,29.210352,0.310546,30.836385,18.282076,7.102288
nvidia-confirm,mid-wide-200-fast-gpu-r1,199.815416667,12,steady,5760000,480000,181.526457,vulkan,7.970965,16.885499,82.053801,21.203184,3.347726,19.572164,0.373832,30.118377,18.129686,6.409646
nvidia-confirm,mid-wide-200-fast-gpu-r1,199.815416667,13,steady,6240000,480000,184.943761,vulkan,5.764078,16.233663,83.765923,25.810299,3.092664,19.700391,0.386195,30.190206,21.360547,6.311438
nvidia-confirm,mid-wide-200-fast-gpu-r1,199.815416667,14,steady,6720000,480000,197.618673,vulkan,5.679782,17.469502,91.481935,25.884952,3.146419,23.197605,0.444876,30.313183,18.203472,6.31267
nvidia-confirm,mid-wide-200-fast-gpu-r1,199.815416667,15,steady,7200000,480000,190.689937,vulkan,5.698575,16.286929,87.14023,27.183201,3.10913,20.000889,0.461173,30.809174,18.203926,6.550771
nvidia-confirm,mid-wide-200-fast-gpu-r1,199.815416667,16,steady,7680000,480000,191.383911,vulkan,5.741302,16.671623,72.737819,38.628362,4.21876,22.790846,0.540752,30.053994,18.304071,6.397108
nvidia-confirm,mid-wide-200-fast-gpu-r1,199.815416667,17,steady,8160000,480000,190.26163,vulkan,6.933788,16.610596,66.177962,39.765241,4.658558,24.929915,0.546451,30.638828,21.497719,6.363691
nvidia-confirm,mid-wide-200-fast-gpu-r1,199.815416667,18,steady,8640000,480000,198.90626,vulkan,5.802097,19.400392,75.879361,37.298851,4.33004,25.084589,0.695456,30.415082,18.459568,6.50364
nvidia-confirm,mid-wide-200-fast-gpu-r1,199.815416667,19,steady,9120000,480000,195.381604,vulkan,6.905519,16.74802,75.498911,36.714532,4.080849,24.511893,0.736496,30.184715,21.116054,6.248253
nvidia-confirm,mid-wide-200-fast-gpu-r2,199.815416667,0,gpu_qualification,0,480000,297.833382,cpu,11.47373,19.99329,90.400222,121.016282,3.064202,20.18691,0.051399,31.646506,32.595459,7.276038
nvidia-confirm,mid-wide-200-fast-gpu-r2,199.815416667,1,gpu_qualification,480000,480000,248.396394,cpu,5.961729,18.900301,78.894907,91.368499,3.236096,19.667792,0.063778,30.302257,21.639318,4.669897
nvidia-confirm,mid-wide-200-fast-gpu-r2,199.815416667,2,gpu_qualification,960000,480000,246.639589,cpu,5.750955,15.06602,67.098001,106.065052,3.0921,19.4549,0.068268,30.043662,18.126125,4.612
nvidia-confirm,mid-wide-200-fast-gpu-r2,199.815416667,3,steady,1440000,480000,169.613768,vulkan,5.733068,15.510672,69.19557,25.956313,3.534849,19.617231,0.087307,29.977817,18.460097,6.268432
nvidia-confirm,mid-wide-200-fast-gpu-r2,199.815416667,4,steady,1920000,480000,175.124674,vulkan,5.72708,16.104185,71.888947,28.177516,3.118015,19.692282,0.109295,30.306403,18.050643,6.372718
nvidia-confirm,mid-wide-200-fast-gpu-r2,199.815416667,5,steady,2400000,480000,183.602193,vulkan,6.079222,16.487719,83.691765,24.153863,3.189055,19.880572,0.150498,29.968863,18.392157,6.243414
nvidia-confirm,mid-wide-200-fast-gpu-r2,199.815416667,6,steady,2880000,480000,180.777452,vulkan,5.791543,17.717896,80.350137,23.340411,3.242085,19.825336,0.162915,30.346423,18.631932,6.400301
nvidia-confirm,mid-wide-200-fast-gpu-r2,199.815416667,7,steady,3360000,480000,193.888666,vulkan,5.944427,16.099386,86.550157,27.299146,4.335099,23.17745,0.172509,30.309569,18.390457,6.340463
nvidia-confirm,mid-wide-200-fast-gpu-r2,199.815416667,8,steady,3840000,480000,194.456355,vulkan,6.971706,19.374969,91.481549,23.559005,3.359847,19.587005,0.21885,29.902876,18.970075,6.304351
nvidia-confirm,mid-wide-200-fast-gpu-r2,199.815416667,9,steady,4320000,480000,174.152803,vulkan,5.770866,17.803669,73.866213,23.919973,3.060418,19.543648,0.222602,29.965038,18.11983,6.23662
nvidia-confirm,mid-wide-200-fast-gpu-r2,199.815416667,10,steady,4800000,480000,183.026682,vulkan,5.714475,15.975804,67.942228,31.652113,4.876711,26.429004,0.28551,30.150104,18.387977,6.47108
nvidia-confirm,mid-wide-200-fast-gpu-r2,199.815416667,11,steady,5280000,480000,179.872244,vulkan,6.895593,15.663342,75.004192,28.578311,3.745709,19.647391,0.306788,30.029944,18.211722,6.242993
nvidia-confirm,mid-wide-200-fast-gpu-r2,199.815416667,12,steady,5760000,480000,181.86116,vulkan,5.684436,15.496201,81.922756,23.573407,4.171155,20.638651,0.344007,30.029758,18.033412,6.267398
nvidia-confirm,mid-wide-200-fast-gpu-r2,199.815416667,13,steady,6240000,480000,173.057142,vulkan,5.702447,20.335579,69.857016,24.117998,3.163322,19.419362,0.389372,30.071492,18.475731,6.294758
nvidia-confirm,mid-wide-200-fast-gpu-r2,199.815416667,14,steady,6720000,480000,184.471198,vulkan,5.792894,17.170046,85.135804,23.556717,3.051312,19.354009,0.433542,29.97631,18.234306,6.283299
nvidia-confirm,mid-wide-200-fast-gpu-r2,199.815416667,15,steady,7200000,480000,191.30852,vulkan,5.77039,16.21868,87.316329,28.787414,3.15122,19.442079,0.519034,30.10288,18.134177,6.277487
nvidia-confirm,mid-wide-200-fast-gpu-r2,199.815416667,16,steady,7680000,480000,190.385282,vulkan,5.758579,15.37494,74.926125,34.122415,4.261392,25.301038,0.562091,30.078212,18.257616,6.370239
nvidia-confirm,mid-wide-200-fast-gpu-r2,199.815416667,17,steady,8160000,480000,210.26542,vulkan,6.944451,16.56424,85.430315,37.320515,5.077264,28.106265,0.579798,30.241722,21.398002,6.445686
nvidia-confirm,mid-wide-200-fast-gpu-r2,199.815416667,18,steady,8640000,480000,206.350044,vulkan,6.931021,16.465579,85.394973,39.502622,4.481262,22.626132,0.585203,30.362646,21.522447,6.299993
nvidia-confirm,mid-wide-200-fast-gpu-r2,199.815416667,19,steady,9120000,480000,183.301894,vulkan,5.734625,16.048049,66.075263,40.379936,4.117755,20.294408,0.67986,29.971021,17.92045,6.243674
nvidia-confirm,mid-wide-200-fast-gpu-r3,199.815416667,0,gpu_qualification,0,480000,269.75214,cpu,11.274549,18.313939,67.596922,117.496711,3.363127,19.836724,0.056068,31.813579,41.019629,6.066736
nvidia-confirm,mid-wide-200-fast-gpu-r3,199.815416667,1,gpu_qualification,480000,480000,273.334376,cpu,6.926937,20.235905,89.325986,104.257378,3.093602,19.433345,0.062577,29.997856,25.588412,4.614593
nvidia-confirm,mid-wide-200-fast-gpu-r3,199.815416667,2,gpu_qualification,960000,480000,264.919653,cpu,5.611349,19.263821,83.223718,103.889865,3.092274,19.625328,0.068582,30.14395,18.038599,4.587368
nvidia-confirm,mid-wide-200-fast-gpu-r3,199.815416667,3,steady,1440000,480000,169.428189,vulkan,5.626526,15.988787,72.383081,22.838046,3.087287,19.472545,0.096012,29.935178,18.415567,6.248219
nvidia-confirm,mid-wide-200-fast-gpu-r3,199.815416667,4,steady,1920000,480000,166.835063,vulkan,5.653729,16.126679,70.898528,21.49832,3.057287,19.492858,0.104474,30.002912,18.029423,6.273132
nvidia-confirm,mid-wide-200-fast-gpu-r3,199.815416667,5,steady,2400000,480000,170.602036,vulkan,5.642383,16.981931,64.655186,27.442215,4.25384,21.370426,0.143992,30.111286,18.2234,6.231529
nvidia-confirm,mid-wide-200-fast-gpu-r3,199.815416667,6,steady,2880000,480000,199.327878,vulkan,5.754933,17.304118,89.049397,30.335757,4.204137,22.555605,0.159823,29.963669,18.578542,6.289097
nvidia-confirm,mid-wide-200-fast-gpu-r3,199.815416667,7,steady,3360000,480000,162.527586,vulkan,5.697679,15.807172,65.221582,22.61945,3.04965,19.762323,0.17494,30.19405,18.34223,6.360481
nvidia-confirm,mid-wide-200-fast-gpu-r3,199.815416667,8,steady,3840000,480000,170.08933,vulkan,5.685313,15.602714,70.13586,24.434069,3.368381,19.797822,0.220197,30.844401,18.131129,6.300703
nvidia-confirm,mid-wide-200-fast-gpu-r3,199.815416667,9,steady,4320000,480000,189.716348,vulkan,6.274024,16.758822,83.038308,22.727122,4.359406,23.301446,0.229168,33.026954,18.212999,7.766626
nvidia-confirm,mid-wide-200-fast-gpu-r3,199.815416667,10,steady,4800000,480000,207.77303,vulkan,6.903558,21.226023,97.033417,29.519088,3.18829,19.492964,0.271607,30.137206,21.938503,6.27371
nvidia-confirm,mid-wide-200-fast-gpu-r3,199.815416667,11,steady,5280000,480000,182.393088,vulkan,6.208552,15.890246,82.983988,21.999935,3.147575,20.282042,0.284017,31.595944,20.894153,6.342634
nvidia-confirm,mid-wide-200-fast-gpu-r3,199.815416667,12,steady,5760000,480000,193.731447,vulkan,5.695532,17.26948,95.465846,21.91219,3.165066,19.691353,0.350176,30.181222,18.106111,6.281155
nvidia-confirm,mid-wide-200-fast-gpu-r3,199.815416667,13,steady,6240000,480000,183.258617,vulkan,5.608428,16.172565,82.100063,25.992714,3.228522,19.715213,0.391797,30.048585,18.509533,6.259389
nvidia-confirm,mid-wide-200-fast-gpu-r3,199.815416667,14,steady,6720000,480000,192.56505,vulkan,5.689359,16.148014,78.801395,26.256342,3.117552,20.613053,0.660407,41.278553,18.160203,6.794014
nvidia-confirm,mid-wide-200-fast-gpu-r3,199.815416667,15,steady,7200000,480000,186.104856,vulkan,5.728361,17.622897,81.404843,27.660129,3.134106,20.010538,0.470881,30.072592,20.010561,6.275634
nvidia-confirm,mid-wide-200-fast-gpu-r3,199.815416667,16,steady,7680000,480000,195.172543,vulkan,5.705179,16.389875,92.823962,26.367531,3.128069,19.741088,0.540736,30.47534,18.266453,6.240884
nvidia-confirm,mid-wide-200-fast-gpu-r3,199.815416667,17,steady,8160000,480000,199.607133,vulkan,5.669351,15.768799,81.121672,34.096926,4.281879,25.076813,0.663382,32.927534,18.004014,6.314277
nvidia-confirm,mid-wide-200-fast-gpu-r3,199.815416667,18,steady,8640000,480000,190.738452,vulkan,5.69583,16.597711,80.084608,32.745942,3.11914,19.919276,0.596619,31.978671,18.025279,7.730279
nvidia-confirm,mid-wide-200-fast-gpu-r3,199.815416667,19,steady,9120000,480000,180.076008,vulkan,5.659383,16.21682,64.988455,36.27499,4.140435,22.159917,0.696647,29.938844,18.215078,6.276713
nvidia-confirm,mid-wide-200-upstream-cpu-r1,199.815416667,0,cold,0,480000,240.196938,cpu,12.052112,19.930561,69.338452,83.562277,0.001158,23.248275,0.054763,32.0088,34.080589,1.226484
nvidia-confirm,mid-wide-200-upstream-cpu-r1,199.815416667,1,warmup,480000,480000,262.113683,cpu,5.076711,20.445706,70.74502,107.191496,0.00101,23.239863,0.06055,35.352874,18.327667,1.073255
nvidia-confirm,mid-wide-200-upstream-cpu-r1,199.815416667,2,warmup,960000,480000,225.062548,cpu,5.056379,15.674162,65.788774,81.981115,0.001933,23.945585,0.080748,32.533097,18.090143,1.120012
nvidia-confirm,mid-wide-200-upstream-cpu-r1,199.815416667,3,steady,1440000,480000,277.700345,cpu,5.174677,18.059844,77.564745,118.60302,0.001598,23.165736,0.092674,35.037528,18.839448,1.123141
nvidia-confirm,mid-wide-200-upstream-cpu-r1,199.815416667,4,steady,1920000,480000,217.78101,cpu,4.993717,15.892355,77.220783,64.694914,0.000968,22.947797,0.11086,31.919153,18.203141,1.091365
nvidia-confirm,mid-wide-200-upstream-cpu-r1,199.815416667,5,steady,2400000,480000,234.587263,cpu,4.993517,17.002204,76.173026,80.772042,0.000891,23.370898,0.137988,32.136215,18.301811,1.079204
nvidia-confirm,mid-wide-200-upstream-cpu-r1,199.815416667,6,steady,2880000,480000,211.021059,cpu,4.992393,15.432765,65.839002,69.261452,0.000863,23.249555,0.1633,32.081188,18.721423,1.110644
nvidia-confirm,mid-wide-200-upstream-cpu-r1,199.815416667,7,steady,3360000,480000,236.846941,cpu,5.747476,16.271727,78.246125,77.60794,0.00127,26.523803,0.162972,32.285057,18.433899,1.113617
nvidia-confirm,mid-wide-200-upstream-cpu-r1,199.815416667,8,steady,3840000,480000,214.602217,cpu,4.973951,15.546055,64.18765,74.897271,0.001044,23.002119,0.21873,31.775054,18.688104,1.088682
nvidia-confirm,mid-wide-200-upstream-cpu-r1,199.815416667,9,steady,4320000,480000,226.17592,cpu,4.982199,15.842166,77.520104,72.387084,0.001012,23.339842,0.225055,31.877921,18.410302,1.079184
nvidia-confirm,mid-wide-200-upstream-cpu-r1,199.815416667,10,steady,4800000,480000,231.117926,cpu,4.995049,16.079316,68.248718,74.217152,0.001095,29.626505,0.389175,37.560508,18.495172,1.33005
nvidia-confirm,mid-wide-200-upstream-cpu-r1,199.815416667,11,steady,5280000,480000,252.76323,cpu,4.997269,16.479125,77.857486,97.257425,0.001189,23.479182,0.274973,32.416215,19.068687,1.140274
nvidia-confirm,mid-wide-200-upstream-cpu-r1,199.815416667,12,steady,5760000,480000,228.046868,cpu,5.591342,17.41158,82.992942,66.166723,0.00089,23.323897,0.326194,32.232713,18.786872,1.101911
nvidia-confirm,mid-wide-200-upstream-cpu-r1,199.815416667,13,steady,6240000,480000,227.929383,cpu,5.011975,17.151675,68.03041,81.365898,0.001371,24.203473,0.370573,31.793595,18.520582,1.087372
nvidia-confirm,mid-wide-200-upstream-cpu-r1,199.815416667,14,steady,6720000,480000,225.832292,cpu,4.996243,16.197657,71.843224,76.978912,0.000862,23.38429,0.393372,32.037416,18.089931,1.123185
nvidia-confirm,mid-wide-200-upstream-cpu-r1,199.815416667,15,steady,7200000,480000,219.716809,cpu,4.986437,15.64682,64.952573,77.926184,0.00136,23.454268,0.414312,32.334439,18.217962,1.115027
nvidia-confirm,mid-wide-200-upstream-cpu-r1,199.815416667,16,steady,7680000,480000,260.600973,cpu,4.967584,17.757041,76.425578,105.649529,0.001111,23.077067,0.483098,32.239428,18.467284,1.11473
nvidia-confirm,mid-wide-200-upstream-cpu-r1,199.815416667,17,steady,8160000,480000,234.821896,cpu,5.017065,17.470461,83.701035,72.610957,0.001159,23.312174,0.504291,32.204485,18.085138,1.14711
nvidia-confirm,mid-wide-200-upstream-cpu-r1,199.815416667,18,steady,8640000,480000,275.880304,cpu,4.981936,17.144651,88.367045,108.985287,0.001035,23.550752,0.556343,32.292965,18.047977,1.171541
nvidia-confirm,mid-wide-200-upstream-cpu-r1,199.815416667,19,steady,9120000,480000,266.487577,cpu,5.147635,15.73759,91.708689,97.761899,0.001172,23.32981,0.618319,32.182154,18.182554,1.148323
nvidia-confirm,mid-wide-200-upstream-cpu-r2,199.815416667,0,cold,0,480000,284.549535,cpu,11.612505,19.18354,94.692507,103.241635,0.001206,23.411229,0.071888,32.334495,32.476451,3.48702
nvidia-confirm,mid-wide-200-upstream-cpu-r2,199.815416667,1,warmup,480000,480000,302.036891,cpu,5.118957,18.511536,96.353434,126.279987,0.001144,23.457633,0.059382,32.254423,18.51816,3.459042
nvidia-confirm,mid-wide-200-upstream-cpu-r2,199.815416667,2,warmup,960000,480000,260.379306,cpu,5.044806,18.004575,98.829651,83.103823,0.000986,23.216955,0.070865,32.107222,18.573523,3.426857
nvidia-confirm,mid-wide-200-upstream-cpu-r2,199.815416667,3,steady,1440000,480000,259.012622,cpu,4.97025,16.11151,103.268957,79.622185,0.00101,22.935789,0.089828,32.012804,18.295177,3.425274
nvidia-confirm,mid-wide-200-upstream-cpu-r2,199.815416667,4,steady,1920000,480000,204.908104,cpu,4.979144,15.063091,63.722536,65.626755,0.001013,23.057802,0.119291,32.338118,18.350265,3.398232
nvidia-confirm,mid-wide-200-upstream-cpu-r2,199.815416667,5,steady,2400000,480000,236.08978,cpu,4.974538,17.417511,80.79698,77.89444,0.000907,23.031698,0.136667,31.836497,18.168173,3.364342
nvidia-confirm,mid-wide-200-upstream-cpu-r2,199.815416667,6,steady,2880000,480000,213.495943,cpu,4.983073,16.156374,68.182547,69.148321,0.001009,23.015378,0.171522,31.837353,18.780414,3.436988
nvidia-confirm,mid-wide-200-upstream-cpu-r2,199.815416667,7,steady,3360000,480000,242.210175,cpu,4.994636,15.999384,73.392389,91.180001,0.001201,23.347823,0.165959,33.128534,18.413875,3.457768
nvidia-confirm,mid-wide-200-upstream-cpu-r2,199.815416667,8,steady,3840000,480000,229.008234,cpu,5.168716,17.872877,75.261046,71.819978,0.001169,26.811105,0.205597,31.867312,18.692331,3.41326
nvidia-confirm,mid-wide-200-upstream-cpu-r2,199.815416667,9,steady,4320000,480000,266.383115,cpu,5.010129,16.52139,107.064799,82.589,0.000799,23.02429,0.225467,31.94704,18.985197,3.406141
nvidia-confirm,mid-wide-200-upstream-cpu-r2,199.815416667,10,steady,4800000,480000,239.842436,cpu,4.995855,16.931341,88.143084,74.615105,0.00083,22.96103,0.267861,31.926869,19.004965,3.447749
nvidia-confirm,mid-wide-200-upstream-cpu-r2,199.815416667,11,steady,5280000,480000,245.575056,cpu,4.963947,15.259201,86.108854,83.781188,0.000958,23.113024,0.280915,32.066555,18.131697,3.437716
nvidia-confirm,mid-wide-200-upstream-cpu-r2,199.815416667,12,steady,5760000,480000,241.436753,cpu,4.966069,15.854048,90.900525,74.301951,0.000848,23.084224,0.328395,32.000335,18.494438,3.430364
nvidia-confirm,mid-wide-200-upstream-cpu-r2,199.815416667,13,steady,6240000,480000,279.700261,cpu,6.660553,15.469904,85.626529,116.234066,0.002324,23.304677,0.373005,32.028828,19.741015,3.444746
nvidia-confirm,mid-wide-200-upstream-cpu-r2,199.815416667,14,steady,6720000,480000,251.489245,cpu,5.114742,18.480079,88.473474,76.783486,0.000828,27.943301,0.398248,34.294667,18.278157,3.408235
nvidia-confirm,mid-wide-200-upstream-cpu-r2,199.815416667,15,steady,7200000,480000,258.972116,cpu,5.896659,18.752255,84.065849,94.935396,0.001077,23.043981,0.426518,31.850176,19.485608,3.39893
nvidia-confirm,mid-wide-200-upstream-cpu-r2,199.815416667,16,steady,7680000,480000,255.658266,cpu,5.142896,15.698728,86.534137,92.420942,0.001346,23.307548,0.494709,32.057673,19.6864,3.410779
nvidia-confirm,mid-wide-200-upstream-cpu-r2,199.815416667,17,steady,8160000,480000,280.473686,cpu,5.014126,15.786342,101.651311,100.816671,0.001242,24.043196,0.530407,32.629925,18.064377,3.614828
nvidia-confirm,mid-wide-200-upstream-cpu-r2,199.815416667,18,steady,8640000,480000,248.2943,cpu,5.279016,15.885636,90.001352,80.858383,0.001054,23.120397,0.564631,32.583635,18.498917,3.449255
nvidia-confirm,mid-wide-200-upstream-cpu-r2,199.815416667,19,steady,9120000,480000,247.855536,cpu,4.991091,15.436185,91.01326,76.64131,0.001048,26.96422,0.620109,32.187725,18.115074,3.432042
nvidia-confirm,mid-wide-200-upstream-cpu-r3,199.815416667,0,cold,0,480000,246.812783,cpu,11.910359,19.251595,88.737967,68.952998,0.001093,24.111405,0.054803,33.792084,33.01591,3.401903
nvidia-confirm,mid-wide-200-upstream-cpu-r3,199.815416667,1,warmup,480000,480000,240.043887,cpu,5.028437,18.863156,76.52119,79.394866,0.001119,23.208837,0.057799,36.968035,18.122416,3.403629
nvidia-confirm,mid-wide-200-upstream-cpu-r3,199.815416667,2,warmup,960000,480000,268.906071,cpu,4.972751,17.453953,97.429576,91.447248,0.00137,23.36763,0.069317,34.163707,18.061207,3.496031
nvidia-confirm,mid-wide-200-upstream-cpu-r3,199.815416667,3,steady,1440000,480000,251.510569,cpu,4.977519,16.001104,87.653178,85.84789,0.000984,23.090366,0.086687,33.85236,18.786321,3.404904
nvidia-confirm,mid-wide-200-upstream-cpu-r3,199.815416667,4,steady,1920000,480000,220.203004,cpu,5.004981,17.118007,66.990387,73.407545,0.001235,23.136936,0.113442,34.429978,18.201507,3.429218
nvidia-confirm,mid-wide-200-upstream-cpu-r3,199.815416667,5,steady,2400000,480000,258.174074,cpu,9.103388,16.326599,77.103364,98.310194,0.000812,23.168864,0.138281,34.022083,20.39636,3.405832
nvidia-confirm,mid-wide-200-upstream-cpu-r3,199.815416667,6,steady,2880000,480000,231.086537,cpu,4.9877,14.828496,67.794376,78.859214,0.001069,28.719663,0.253345,35.642094,18.755741,3.554334
nvidia-confirm,mid-wide-200-upstream-cpu-r3,199.815416667,7,steady,3360000,480000,271.628412,cpu,7.695845,22.184816,99.938588,83.654823,0.001292,24.049487,0.169507,33.933009,23.747252,3.384687
nvidia-confirm,mid-wide-200-upstream-cpu-r3,199.815416667,8,steady,3840000,480000,222.826637,cpu,5.030786,16.789657,76.811423,66.432478,0.001207,23.283667,0.211134,34.265747,18.243971,3.421385
nvidia-confirm,mid-wide-200-upstream-cpu-r3,199.815416667,9,steady,4320000,480000,252.982424,cpu,5.176046,15.759143,80.227415,94.209822,0.001732,23.445622,0.222964,33.939123,18.536192,3.375918
nvidia-confirm,mid-wide-200-upstream-cpu-r3,199.815416667,10,steady,4800000,480000,237.135061,cpu,5.169459,17.239121,88.774914,68.711707,0.001331,23.075542,0.259848,33.902829,18.606981,3.432795
nvidia-confirm,mid-wide-200-upstream-cpu-r3,199.815416667,11,steady,5280000,480000,259.779824,cpu,5.004137,16.023033,85.517561,95.908254,0.001189,23.162632,0.277327,33.885129,18.105528,3.406674
nvidia-confirm,mid-wide-200-upstream-cpu-r3,199.815416667,12,steady,5760000,480000,215.878737,cpu,5.663895,15.73348,69.379446,67.35645,0.001124,23.41613,0.321164,34.006762,18.699511,3.427309
nvidia-confirm,mid-wide-200-upstream-cpu-r3,199.815416667,13,steady,6240000,480000,315.213273,cpu,4.954611,15.59874,93.832834,121.979014,0.0013,31.254918,0.459922,47.131299,18.516463,5.784729
nvidia-confirm,mid-wide-200-upstream-cpu-r3,199.815416667,14,steady,6720000,480000,252.548345,cpu,7.134342,20.148299,89.651561,77.577546,0.001248,23.313235,0.572948,34.148781,24.739959,3.423852
nvidia-confirm,mid-wide-200-upstream-cpu-r3,199.815416667,15,steady,7200000,480000,266.109262,cpu,5.00958,16.273928,93.088473,90.741885,0.001636,23.412366,0.467663,37.113486,18.285302,3.441925
nvidia-confirm,mid-wide-200-upstream-cpu-r3,199.815416667,16,steady,7680000,480000,215.899125,cpu,5.175123,17.517098,66.805359,66.050765,0.000957,23.528163,0.481762,36.339557,19.125091,3.43447
nvidia-confirm,mid-wide-200-upstream-cpu-r3,199.815416667,17,steady,8160000,480000,269.181151,cpu,5.013807,17.057586,96.579763,91.963787,0.000993,23.373697,0.514951,34.675873,18.672777,3.447513
nvidia-confirm,mid-wide-200-upstream-cpu-r3,199.815416667,18,steady,8640000,480000,226.300473,cpu,5.224472,16.401554,75.585346,71.205485,0.001033,23.283827,0.551836,34.046399,18.124273,3.409175
nvidia-confirm,mid-wide-200-upstream-cpu-r3,199.815416667,19,steady,9120000,480000,249.019167,cpu,4.992899,15.613548,79.79811,89.365095,0.000867,24.000943,0.613874,34.633183,18.130832,3.456154
nvidia-confirm,standard-200-fast-auto-r1,199.95625,0,gpu_qualification,0,480000,247.321387,cpu,12.498091,19.96663,77.134554,102.134163,2.060819,13.071739,0.04264,20.411984,34.553158,3.057907
nvidia-confirm,standard-200-fast-auto-r1,199.95625,1,gpu_qualification,480000,480000,266.782369,cpu,5.755675,19.208942,79.399554,126.683173,2.079317,13.034191,0.059515,20.561732,18.152525,3.058338
nvidia-confirm,standard-200-fast-auto-r1,199.95625,2,gpu_qualification,960000,480000,266.966073,cpu,5.61071,17.16732,91.590747,117.018711,2.059116,13.000398,0.062842,20.455815,18.30974,3.145968
nvidia-confirm,standard-200-fast-auto-r1,199.95625,3,steady,1440000,480000,155.981154,vulkan,5.981502,16.47792,70.434324,21.701881,2.534703,18.125759,0.082158,20.642392,19.255276,4.955547
nvidia-confirm,standard-200-fast-auto-r1,199.95625,4,steady,1920000,480000,147.6471,vulkan,5.68362,15.970695,71.588923,18.506537,2.105038,13.216424,0.081669,20.493496,18.680081,4.13147
nvidia-confirm,standard-200-fast-auto-r1,199.95625,5,steady,2400000,480000,147.971079,vulkan,5.897098,15.502079,71.927878,19.266827,2.080537,12.943947,0.111418,20.24074,18.362,4.253274
nvidia-confirm,standard-200-fast-auto-r1,199.95625,6,steady,2880000,480000,157.833699,vulkan,7.954959,16.212061,75.366349,20.365211,2.605913,14.773479,0.127602,20.427792,22.967696,4.218327
nvidia-confirm,standard-200-fast-auto-r1,199.95625,7,steady,3360000,480000,169.071709,vulkan,5.752077,14.856223,91.790355,20.871183,2.199979,13.254392,0.133359,20.21379,19.913081,4.132971
nvidia-confirm,standard-200-fast-auto-r1,199.95625,8,steady,3840000,480000,163.843885,vulkan,5.664591,15.912562,80.647198,20.331858,3.949401,14.863207,0.185287,22.289346,18.188729,4.409438
nvidia-confirm,standard-200-fast-auto-r1,199.95625,9,steady,4320000,480000,147.792169,vulkan,6.878254,15.663113,69.191553,20.084723,2.082924,13.405149,0.231938,20.253868,21.387795,4.17991
nvidia-confirm,standard-200-fast-auto-r1,199.95625,10,steady,4800000,480000,162.756429,vulkan,5.615266,16.005412,77.390802,21.470952,2.667565,17.685764,0.265162,21.654994,18.489844,4.171261
nvidia-confirm,standard-200-fast-auto-r1,199.95625,11,steady,5280000,480000,148.409372,vulkan,5.697506,14.927156,72.306627,19.588546,2.077671,13.37064,0.227617,20.213144,18.178934,4.2027
nvidia-confirm,standard-200-fast-auto-r1,199.95625,12,steady,5760000,480000,168.514279,vulkan,8.964806,19.647234,84.368064,20.011571,2.061643,12.850941,0.253106,20.356521,26.840478,4.127079
nvidia-confirm,standard-200-fast-auto-r1,199.95625,13,steady,6240000,480000,159.217034,vulkan,6.442916,15.545174,73.336134,22.270997,3.164762,15.194432,0.289782,22.972369,18.253014,4.992225
nvidia-confirm,standard-200-fast-auto-r1,199.95625,14,steady,6720000,480000,160.786027,vulkan,5.64668,15.947573,83.059626,19.717613,2.094848,13.249244,0.379539,20.690386,19.846448,4.173335
nvidia-confirm,standard-200-fast-auto-r1,199.95625,15,steady,7200000,480000,180.511177,vulkan,5.714061,18.252897,96.405687,24.357305,2.069432,13.066772,0.364971,20.279303,18.479584,4.153409
nvidia-confirm,standard-200-fast-auto-r1,199.95625,16,steady,7680000,480000,174.537468,vulkan,5.650778,16.7742,92.468624,24.027378,2.099568,12.919812,0.382049,20.214646,18.40267,4.143334
nvidia-confirm,standard-200-fast-auto-r1,199.95625,17,steady,8160000,480000,159.691655,vulkan,5.734307,16.099184,77.331659,24.727157,2.095162,13.012004,0.44466,20.246787,18.053419,4.212987
nvidia-confirm,standard-200-fast-auto-r1,199.95625,18,steady,8640000,480000,149.782867,vulkan,5.635616,15.592224,67.094018,25.668405,2.160097,12.975798,0.478608,20.177759,18.047192,4.216662
nvidia-confirm,standard-200-fast-auto-r1,199.95625,19,steady,9120000,480000,151.461369,vulkan,6.728809,16.125184,68.536493,24.066769,2.053715,13.083337,0.608724,20.257984,21.35386,4.167241
nvidia-confirm,standard-200-fast-auto-r2,199.95625,0,gpu_qualification,0,480000,241.552377,cpu,11.456501,18.680996,69.521548,103.436192,2.047749,13.258455,0.04037,23.110171,43.847615,3.060788
nvidia-confirm,standard-200-fast-auto-r2,199.95625,1,gpu_qualification,480000,480000,221.081548,cpu,5.703082,19.785393,69.308993,91.028441,2.045551,12.949296,0.057222,20.203169,18.119022,3.067937
nvidia-confirm,standard-200-fast-auto-r2,199.95625,2,gpu_qualification,960000,480000,255.241707,cpu,5.610261,16.278625,84.306281,113.46727,2.080145,13.19666,0.063997,20.237954,18.162483,3.056347
nvidia-confirm,standard-200-fast-auto-r2,199.95625,3,steady,1440000,480000,162.021611,vulkan,5.606462,16.829776,83.996686,19.748439,2.099303,13.135773,0.084932,20.519865,18.413258,4.173468
nvidia-confirm,standard-200-fast-auto-r2,199.95625,4,steady,1920000,480000,160.12149,vulkan,5.652289,16.450929,81.234623,21.130643,2.085108,13.283831,0.090666,20.192934,18.216418,4.181174
nvidia-confirm,standard-200-fast-auto-r2,199.95625,5,steady,2400000,480000,154.911631,vulkan,5.631704,16.076848,78.186205,19.674437,2.059306,12.988761,0.107482,20.186492,18.209643,4.16591
nvidia-confirm,standard-200-fast-auto-r2,199.95625,6,steady,2880000,480000,153.003164,vulkan,5.646855,16.306906,71.629695,20.624887,2.136468,16.09406,0.143727,20.420149,18.614384,4.152656
nvidia-confirm,standard-200-fast-auto-r2,199.95625,7,steady,3360000,480000,161.18137,vulkan,5.668498,15.710416,75.97191,25.31148,3.058812,14.940318,0.131054,20.388399,18.182315,4.138199
nvidia-confirm,standard-200-fast-auto-r2,199.95625,8,steady,3840000,480000,145.334711,vulkan,6.036734,16.116021,63.360017,22.983969,2.447774,13.524463,0.171251,20.693907,18.312527,4.294391
nvidia-confirm,standard-200-fast-auto-r2,199.95625,9,steady,4320000,480000,159.262272,vulkan,5.756028,15.599412,81.279317,20.329657,2.039489,13.284441,0.194054,20.779555,18.397807,4.177969
nvidia-confirm,standard-200-fast-auto-r2,199.95625,10,steady,4800000,480000,158.109141,vulkan,5.733426,16.47073,79.036866,20.712818,2.076138,13.294717,0.222099,20.56193,18.541633,4.148254
nvidia-confirm,standard-200-fast-auto-r2,199.95625,11,steady,5280000,480000,170.707094,vulkan,5.665875,19.007986,87.66813,20.318962,2.643316,14.447933,0.254257,20.699576,18.539792,4.159705
nvidia-confirm,standard-200-fast-auto-r2,199.95625,12,steady,5760000,480000,148.621039,vulkan,5.690021,16.160832,70.86095,19.77656,2.136942,13.28602,0.247458,20.461549,18.003739,4.171849
nvidia-confirm,standard-200-fast-auto-r2,199.95625,13,steady,6240000,480000,163.596019,vulkan,5.771876,16.580543,80.560406,24.7238,2.096921,13.180065,0.29174,20.389795,18.835859,4.189946
nvidia-confirm,standard-200-fast-auto-r2,199.95625,14,steady,6720000,480000,175.306052,vulkan,5.728392,16.299723,92.093598,25.50421,2.095663,12.972262,0.35223,20.259505,18.423584,4.237838
nvidia-confirm,standard-200-fast-auto-r2,199.95625,15,steady,7200000,480000,175.124506,vulkan,6.998044,19.27951,86.979156,26.246549,2.10286,12.97985,0.354292,20.183838,21.330623,4.132253
nvidia-confirm,standard-200-fast-auto-r2,199.95625,16,steady,7680000,480000,170.626839,vulkan,5.60495,16.475246,71.982038,31.542752,2.938667,17.958745,0.490802,23.633116,18.382849,4.371242
nvidia-confirm,standard-200-fast-auto-r2,199.95625,17,steady,8160000,480000,202.872515,vulkan,7.541807,22.012323,96.33343,30.234753,3.342207,19.995816,0.583873,22.827597,21.265293,4.1881
nvidia-confirm,standard-200-fast-auto-r2,199.95625,18,steady,8640000,480000,180.436804,vulkan,5.743124,16.443619,78.304338,35.485398,2.915295,16.003567,0.545862,24.995194,18.148016,4.864961
nvidia-confirm,standard-200-fast-auto-r2,199.95625,19,steady,9120000,480000,197.418766,vulkan,7.605377,16.913029,82.982367,36.813205,3.288913,18.304399,0.683411,30.827674,25.42257,4.644513
nvidia-confirm,standard-200-fast-auto-r3,199.95625,0,gpu_qualification,0,480000,289.918781,cpu,12.365438,20.285523,93.99771,127.731212,2.048379,13.131172,0.045731,20.312909,39.652016,3.239043
nvidia-confirm,standard-200-fast-auto-r3,199.95625,1,gpu_qualification,480000,480000,231.962571,cpu,5.764739,20.394244,72.176318,98.178024,2.055044,13.029922,0.055978,20.30782,18.377681,3.025116
nvidia-confirm,standard-200-fast-auto-r3,199.95625,2,gpu_qualification,960000,480000,257.832099,cpu,5.606012,16.149802,79.421,117.546532,2.120407,16.210443,0.060822,20.716681,18.292734,3.174507
nvidia-confirm,standard-200-fast-auto-r3,199.95625,3,steady,1440000,480000,172.911437,vulkan,5.646403,15.569465,82.883891,22.856969,2.192645,16.740701,0.110991,26.909544,18.698777,5.014378
nvidia-confirm,standard-200-fast-auto-r3,199.95625,4,steady,1920000,480000,188.54385,vulkan,5.705689,17.100067,100.296074,21.20191,2.892053,18.829878,0.123527,22.394054,18.787691,4.664724
nvidia-confirm,standard-200-fast-auto-r3,199.95625,5,steady,2400000,480000,168.881118,vulkan,7.915367,19.13531,84.621831,20.88775,2.373739,13.239063,0.105296,20.602107,22.195837,4.152643
nvidia-confirm,standard-200-fast-auto-r3,199.95625,6,steady,2880000,480000,151.841931,vulkan,6.891815,15.77031,65.32727,21.086852,2.895623,17.29718,0.159169,22.413384,19.428089,4.17649
nvidia-confirm,standard-200-fast-auto-r3,199.95625,7,steady,3360000,480000,155.124778,vulkan,5.698119,15.836981,66.702327,23.450214,2.59448,16.080709,0.156477,24.605103,18.236392,4.530157
nvidia-confirm,standard-200-fast-auto-r3,199.95625,8,steady,3840000,480000,152.332835,vulkan,5.663567,15.550401,71.175615,20.863946,2.839096,15.79295,0.178258,20.268336,18.060375,4.222144
nvidia-confirm,standard-200-fast-auto-r3,199.95625,9,steady,4320000,480000,161.762156,vulkan,5.694309,15.314333,70.389024,27.391371,3.159556,17.445516,0.243694,22.124064,18.122465,4.249011
nvidia-confirm,standard-200-fast-auto-r3,199.95625,10,steady,4800000,480000,145.076051,vulkan,5.625853,16.033841,64.430832,21.543255,2.068528,13.684087,0.23876,21.450645,21.061339,4.189487
nvidia-confirm,standard-200-fast-auto-r3,199.95625,11,steady,5280000,480000,170.265543,vulkan,5.664557,16.387065,91.539453,20.847639,2.119368,13.232335,0.230339,20.244563,18.138476,4.139699
nvidia-confirm,standard-200-fast-auto-r3,199.95625,12,steady,5760000,480000,163.493505,vulkan,5.67292,16.254614,83.943872,20.874004,2.115834,14.091079,0.254702,20.285818,18.662054,4.229763
nvidia-confirm,standard-200-fast-auto-r3,199.95625,13,steady,6240000,480000,164.795406,vulkan,5.632397,16.124088,65.247625,33.85543,2.786369,17.783097,0.383803,22.982183,18.696577,4.148689
nvidia-confirm,standard-200-fast-auto-r3,199.95625,14,steady,6720000,480000,168.059205,vulkan,7.571315,21.810784,76.441269,25.606619,2.055088,13.745375,0.332939,20.495267,18.898012,4.181167
nvidia-confirm,standard-200-fast-auto-r3,199.95625,15,steady,7200000,480000,171.00178,vulkan,5.929444,15.555958,85.553498,28.277532,2.098755,12.986885,0.360544,20.23851,18.578053,4.215508
nvidia-confirm,standard-200-fast-auto-r3,199.95625,16,steady,7680000,480000,175.661513,vulkan,5.618939,16.274892,92.475568,25.139137,2.126213,13.113134,0.401269,20.511844,18.401917,4.271667
nvidia-confirm,standard-200-fast-auto-r3,199.95625,17,steady,8160000,480000,153.01034,vulkan,6.869122,16.824593,68.346003,25.089302,2.084405,12.977344,0.461324,20.357974,21.382929,4.147458
nvidia-confirm,standard-200-fast-auto-r3,199.95625,18,steady,8640000,480000,167.117644,vulkan,5.676156,16.235842,68.455983,38.000279,2.813438,15.072163,0.478296,20.385219,18.132091,4.234934
nvidia-confirm,standard-200-fast-auto-r3,199.95625,19,steady,9120000,480000,170.416932,vulkan,6.880905,16.773669,65.083945,36.385169,3.034091,17.431129,0.613916,24.213699,21.716163,4.163007
nvidia-confirm,standard-200-fast-cpu-r1,199.95625,0,cold,0,480000,212.37818,cpu,11.788236,18.71339,66.710235,79.93743,2.047923,12.924472,0.045481,20.21026,33.780937,3.072202
nvidia-confirm,standard-200-fast-cpu-r1,199.95625,1,warmup,480000,480000,240.085977,cpu,5.723665,15.904481,81.04943,100.575121,2.110239,13.497563,0.057557,21.167554,18.039584,3.050456
nvidia-confirm,standard-200-fast-cpu-r1,199.95625,2,warmup,960000,480000,196.952389,cpu,5.609303,16.200388,63.527875,76.053823,2.045446,13.162256,0.061647,20.29119,18.010774,3.045378
nvidia-confirm,standard-200-fast-cpu-r1,199.95625,3,steady,1440000,480000,208.242716,cpu,5.604201,15.362074,72.685686,79.036702,2.056271,13.009473,0.083625,20.404352,18.993691,3.838783
nvidia-confirm,standard-200-fast-cpu-r1,199.95625,4,steady,1920000,480000,207.776847,cpu,5.661052,16.711815,67.494395,81.947641,2.091215,13.381916,0.089158,20.399154,18.009968,3.085844
nvidia-confirm,standard-200-fast-cpu-r1,199.95625,5,steady,2400000,480000,236.710343,cpu,5.64938,15.757023,84.739231,94.695483,2.084775,13.193825,0.108651,20.481572,18.176899,3.093637
nvidia-confirm,standard-200-fast-cpu-r1,199.95625,6,steady,2880000,480000,231.597953,cpu,6.404364,15.78518,93.653001,79.127871,2.281587,13.470367,0.143295,20.731762,19.755994,3.104303
nvidia-confirm,standard-200-fast-cpu-r1,199.95625,7,steady,3360000,480000,216.950016,cpu,5.724659,16.164881,75.434325,84.219872,2.064948,13.012355,0.129901,20.198447,18.131077,3.083716
nvidia-confirm,standard-200-fast-cpu-r1,199.95625,8,steady,3840000,480000,231.16015,cpu,5.642584,15.445231,84.71754,89.605742,2.157313,13.104004,0.16819,20.319062,18.039848,3.143845
nvidia-confirm,standard-200-fast-cpu-r1,199.95625,9,steady,4320000,480000,218.877271,cpu,5.665243,15.553999,84.657449,77.008059,2.057511,13.064032,0.187927,20.682538,18.344191,3.106412
nvidia-confirm,standard-200-fast-cpu-r1,199.95625,10,steady,4800000,480000,214.150582,cpu,5.586942,15.605494,70.324241,85.655927,2.067832,13.029306,0.203359,21.67678,18.439431,3.104005
nvidia-confirm,standard-200-fast-cpu-r1,199.95625,11,steady,5280000,480000,252.043299,cpu,5.646824,15.74133,73.97226,120.518041,2.12403,13.474204,0.287864,20.278398,18.035079,3.094796
nvidia-confirm,standard-200-fast-cpu-r1,199.95625,12,steady,5760000,480000,270.492664,cpu,5.724228,17.603787,96.520205,114.336803,2.076116,13.625947,0.25315,20.351916,18.260858,3.097047
nvidia-confirm,standard-200-fast-cpu-r1,199.95625,13,steady,6240000,480000,241.778386,cpu,5.688889,16.337722,92.986619,91.340489,2.053513,12.971698,0.274608,20.124138,18.660427,3.053982
nvidia-confirm,standard-200-fast-cpu-r1,199.95625,14,steady,6720000,480000,262.943265,cpu,5.654499,17.334892,87.462218,116.80722,2.057308,12.984305,0.331109,20.311235,18.121482,3.067853
nvidia-confirm,standard-200-fast-cpu-r1,199.95625,15,steady,7200000,480000,223.990618,cpu,5.641567,18.373614,81.693924,82.552514,2.064979,13.066058,0.423733,20.173757,18.13756,3.099531
nvidia-confirm,standard-200-fast-cpu-r1,199.95625,16,steady,7680000,480000,199.939017,cpu,5.651551,15.35495,66.23076,75.705526,2.085489,13.71487,0.439083,20.756443,18.35163,3.176428
nvidia-confirm,standard-200-fast-cpu-r1,199.95625,17,steady,8160000,480000,199.231652,cpu,5.704213,15.026548,69.349432,71.957303,2.041641,14.339477,0.459203,20.353309,18.188798,3.075898
nvidia-confirm,standard-200-fast-cpu-r1,199.95625,18,steady,8640000,480000,198.213888,cpu,5.640428,15.65358,68.786074,71.951355,2.060364,13.475716,0.458,20.187738,18.329538,3.090326
nvidia-confirm,standard-200-fast-cpu-r1,199.95625,19,steady,9120000,480000,221.327076,cpu,5.657204,15.780268,83.772822,78.689658,2.041071,14.207117,0.492087,20.686335,18.192429,3.084513
nvidia-confirm,standard-200-fast-cpu-r2,199.95625,0,cold,0,480000,217.523161,cpu,11.551679,19.802935,73.894939,76.853048,2.061524,13.192575,0.043237,20.122814,33.769045,3.037414
nvidia-confirm,standard-200-fast-cpu-r2,199.95625,1,warmup,480000,480000,205.308741,cpu,5.678234,15.622076,71.887698,76.624802,2.083242,13.13073,0.058771,20.222785,18.037665,3.059447
nvidia-confirm,standard-200-fast-cpu-r2,199.95625,2,warmup,960000,480000,203.099394,cpu,5.653276,16.222209,73.197587,72.494569,2.024247,13.280185,0.060872,20.166067,17.928728,3.031849
nvidia-confirm,standard-200-fast-cpu-r2,199.95625,3,steady,1440000,480000,204.24465,cpu,5.622856,16.219959,66.357066,77.947512,2.065536,14.561311,0.094036,21.376115,18.352047,3.078037
nvidia-confirm,standard-200-fast-cpu-r2,199.95625,4,steady,1920000,480000,206.851079,cpu,5.673,15.110007,77.81284,72.067685,2.032922,12.95757,0.082147,21.114452,17.971528,3.100726
nvidia-confirm,standard-200-fast-cpu-r2,199.95625,5,steady,2400000,480000,213.391949,cpu,5.693801,15.066841,72.530449,83.53105,2.046237,13.50691,0.102424,20.913923,18.221049,3.20101
nvidia-confirm,standard-200-fast-cpu-r2,199.95625,6,steady,2880000,480000,215.336042,cpu,5.706438,16.118978,78.33131,79.32547,2.0619,13.410408,0.128836,20.252236,18.857727,3.076233
nvidia-confirm,standard-200-fast-cpu-r2,199.95625,7,steady,3360000,480000,218.268902,cpu,5.727227,15.488768,71.00342,90.085239,2.066507,13.395759,0.151437,20.350134,18.364721,3.123294
nvidia-confirm,standard-200-fast-cpu-r2,199.95625,8,steady,3840000,480000,247.489199,cpu,5.769394,15.952047,84.596952,105.808759,2.12814,12.955525,0.169809,20.108195,18.885279,3.105318
nvidia-confirm,standard-200-fast-cpu-r2,199.95625,9,steady,4320000,480000,223.244414,cpu,5.604875,15.515227,79.057624,85.880937,2.066474,13.939933,0.21506,20.963705,18.209053,3.08798
nvidia-confirm,standard-200-fast-cpu-r2,199.95625,10,steady,4800000,480000,203.01765,cpu,5.598045,15.963882,68.783996,75.933541,2.054795,14.201074,0.209777,20.272133,18.508546,3.094093
nvidia-confirm,standard-200-fast-cpu-r2,199.95625,11,steady,5280000,480000,212.218409,cpu,5.653485,15.359584,75.830803,75.991868,2.058257,14.807098,0.25903,22.257636,17.986581,3.06746
nvidia-confirm,standard-200-fast-cpu-r2,199.95625,12,steady,5760000,480000,207.302771,cpu,5.659233,15.587603,69.117674,81.049952,2.109644,13.22728,0.25238,20.298748,17.904116,3.074474
nvidia-confirm,standard-200-fast-cpu-r2,199.95625,13,steady,6240000,480000,217.806528,cpu,5.629586,15.109621,83.579079,77.230594,2.077146,13.442131,0.296894,20.440809,18.270637,3.875418
nvidia-confirm,standard-200-fast-cpu-r2,199.95625,14,steady,6720000,480000,208.032829,cpu,5.823285,14.886292,77.742224,73.28934,2.031602,13.416566,0.337353,20.505816,23.169292,3.083703
nvidia-confirm,standard-200-fast-cpu-r2,199.95625,15,steady,7200000,480000,207.711741,cpu,6.035812,15.849814,65.498815,84.57184,2.045312,13.145708,0.358745,20.205284,18.084732,3.059142
nvidia-confirm,standard-200-fast-cpu-r2,199.95625,16,steady,7680000,480000,245.709991,cpu,5.870287,17.9166,88.125864,97.661833,2.080541,13.290626,0.407051,20.356626,18.68032,3.128703
nvidia-confirm,standard-200-fast-cpu-r2,199.95625,17,steady,8160000,480000,269.293107,cpu,5.678058,15.338048,78.653728,132.91542,2.092188,13.395761,0.437737,20.781666,18.265696,3.068771
nvidia-confirm,standard-200-fast-cpu-r2,199.95625,18,steady,8640000,480000,222.772551,cpu,5.677968,15.478416,78.774529,86.589079,2.033041,13.343231,0.470574,20.405071,18.223728,3.164528
nvidia-confirm,standard-200-fast-cpu-r2,199.95625,19,steady,9120000,480000,283.700578,cpu,5.827105,17.828736,93.669284,128.962568,2.371196,14.235977,0.492945,20.312373,18.241645,3.105878
nvidia-confirm,standard-200-fast-cpu-r3,199.95625,0,cold,0,480000,236.871565,cpu,11.464083,18.958587,88.757648,81.847518,2.031967,13.41889,0.045563,20.346649,33.161968,3.12662
nvidia-confirm,standard-200-fast-cpu-r3,199.95625,1,warmup,480000,480000,247.08,cpu,5.726664,20.221931,85.153747,98.360639,2.071837,14.913261,0.063669,20.567965,18.602658,3.076323
nvidia-confirm,standard-200-fast-cpu-r3,199.95625,2,warmup,960000,480000,226.8036,cpu,5.848819,15.88461,83.490125,84.255512,2.046574,14.058274,0.088818,21.130316,18.096752,3.433375
nvidia-confirm,standard-200-fast-cpu-r3,199.95625,3,steady,1440000,480000,205.513201,cpu,9.738331,16.171771,68.234614,75.588783,2.051987,13.292432,0.076075,20.358507,23.81195,3.087011
nvidia-confirm,standard-200-fast-cpu-r3,199.95625,4,steady,1920000,480000,240.722504,cpu,5.666766,15.563759,82.898004,94.9104,2.066701,14.471355,0.11582,25.029252,18.169744,4.186844
nvidia-confirm,standard-200-fast-cpu-r3,199.95625,5,steady,2400000,480000,231.741744,cpu,5.804208,16.572165,84.924922,88.704746,2.077235,13.223016,0.107355,20.32777,22.201129,3.122556
nvidia-confirm,standard-200-fast-cpu-r3,199.95625,6,steady,2880000,480000,212.554447,cpu,5.586465,15.740507,78.508261,77.356649,2.0524,13.068054,0.127007,20.114719,19.542449,3.057232
nvidia-confirm,standard-200-fast-cpu-r3,199.95625,7,steady,3360000,480000,198.192239,cpu,5.642793,15.672151,64.819023,73.457558,2.046445,15.839107,0.155501,20.559369,18.15245,3.058118
nvidia-confirm,standard-200-fast-cpu-r3,199.95625,8,steady,3840000,480000,222.703985,cpu,5.673356,16.671245,78.734139,85.65062,2.099413,13.260944,0.164259,20.449373,18.109993,3.126173
nvidia-confirm,standard-200-fast-cpu-r3,199.95625,9,steady,4320000,480000,240.863736,cpu,5.632472,16.311042,92.988226,90.348857,2.0679,13.136358,0.190787,20.187487,18.471794,3.120757
nvidia-confirm,standard-200-fast-cpu-r3,199.95625,10,steady,4800000,480000,205.487928,cpu,5.707794,16.551332,66.021733,81.095261,2.056845,13.352509,0.208768,20.493385,18.345988,3.061929
nvidia-confirm,standard-200-fast-cpu-r3,199.95625,11,steady,5280000,480000,196.745513,cpu,5.782901,16.784013,65.358333,72.727505,2.040708,13.527128,0.232378,20.291886,18.224065,3.121592
nvidia-confirm,standard-200-fast-cpu-r3,199.95625,12,steady,5760000,480000,203.991305,cpu,5.680748,15.35167,71.319849,75.864675,2.076442,13.183655,0.255779,20.25792,18.127715,3.09237
nvidia-confirm,standard-200-fast-cpu-r3,199.95625,13,steady,6240000,480000,235.705976,cpu,5.616273,15.415649,93.473269,85.458546,2.065491,13.190234,0.285921,20.200147,18.471236,3.052263
nvidia-confirm,standard-200-fast-cpu-r3,199.95625,14,steady,6720000,480000,227.970913,cpu,5.785347,17.529455,78.587723,88.793579,2.06768,14.625635,0.332589,20.24836,18.096882,3.082651
nvidia-confirm,standard-200-fast-cpu-r3,199.95625,15,steady,7200000,480000,194.889088,cpu,5.698226,17.407904,64.328392,71.930138,2.035691,12.991607,0.3555,20.140908,18.183285,3.088391
nvidia-confirm,standard-200-fast-cpu-r3,199.95625,16,steady,7680000,480000,200.400873,cpu,5.685655,16.265373,65.051648,77.837521,2.065417,12.930011,0.379763,20.184882,18.235909,3.080614
nvidia-confirm,standard-200-fast-cpu-r3,199.95625,17,steady,8160000,480000,211.69739,cpu,5.699431,15.737385,66.672772,87.767624,2.038298,13.116463,0.421921,20.242856,18.157439,3.072817
nvidia-confirm,standard-200-fast-cpu-r3,199.95625,18,steady,8640000,480000,197.460679,cpu,5.690055,16.224987,67.54371,71.406998,2.060854,13.422499,0.4603,20.650599,18.1107,3.335492
nvidia-confirm,standard-200-fast-cpu-r3,199.95625,19,steady,9120000,480000,236.575145,cpu,5.67334,16.542563,86.595291,91.975987,2.087687,13.024051,0.474077,20.201559,20.070025,3.080748
nvidia-confirm,standard-200-fast-gpu-r1,199.95625,0,gpu_qualification,0,480000,249.891994,cpu,11.42266,18.827371,75.643202,108.840692,2.080286,12.938303,0.042616,20.096378,36.289579,3.032376
nvidia-confirm,standard-200-fast-gpu-r1,199.95625,1,gpu_qualification,480000,480000,250.412057,cpu,5.690014,19.633206,81.617025,108.268624,2.049184,12.927283,0.057625,20.168833,18.295767,3.075071
nvidia-confirm,standard-200-fast-gpu-r1,199.95625,2,gpu_qualification,960000,480000,230.740229,cpu,5.643167,16.062412,78.778046,92.807585,2.052789,12.965493,0.062585,22.367711,18.057606,3.951684
nvidia-confirm,standard-200-fast-gpu-r1,199.95625,3,steady,1440000,480000,151.351396,vulkan,5.620968,16.816481,72.982434,20.543143,2.078782,12.982406,0.083838,20.243035,19.624902,4.202603
nvidia-confirm,standard-200-fast-gpu-r1,199.95625,4,steady,1920000,480000,151.593103,vulkan,6.873735,16.29702,71.639308,21.280033,2.096065,13.249558,0.089662,20.06726,20.929738,4.119959
nvidia-confirm,standard-200-fast-gpu-r1,199.95625,5,steady,2400000,480000,163.992792,vulkan,5.655151,16.896375,85.172281,20.68852,2.111623,13.23505,0.108436,20.124866,18.15188,4.163384
nvidia-confirm,standard-200-fast-gpu-r1,199.95625,6,steady,2880000,480000,161.703149,vulkan,5.653319,16.477518,82.794781,19.785519,2.163168,13.650883,0.128005,21.049705,18.569233,4.844703
nvidia-confirm,standard-200-fast-gpu-r1,199.95625,7,steady,3360000,480000,185.775421,vulkan,6.01813,23.383182,99.77783,21.06712,2.108138,13.034202,0.143346,20.243053,28.211647,4.236971
nvidia-confirm,standard-200-fast-gpu-r1,199.95625,8,steady,3840000,480000,164.1787,vulkan,6.990683,16.641479,85.419774,19.686928,2.069708,12.966145,0.173113,20.230492,21.535149,4.180777
nvidia-confirm,standard-200-fast-gpu-r1,199.95625,9,steady,4320000,480000,161.176307,vulkan,6.902217,18.147161,70.917117,24.322031,3.194332,17.166174,0.187942,20.338847,18.8434,4.157687
nvidia-confirm,standard-200-fast-gpu-r1,199.95625,10,steady,4800000,480000,165.278193,vulkan,5.639605,16.263925,79.196805,21.282639,2.844614,18.97562,0.233787,20.840869,18.433663,4.154298
nvidia-confirm,standard-200-fast-gpu-r1,199.95625,11,steady,5280000,480000,167.365264,vulkan,5.681467,16.999336,69.281425,24.972095,3.17154,19.902284,0.314393,27.042333,18.202575,4.199292
nvidia-confirm,standard-200-fast-gpu-r1,199.95625,12,steady,5760000,480000,179.543779,vulkan,5.639577,16.483269,97.911883,23.337988,2.343939,13.411713,0.253164,20.161799,18.119462,4.13399
nvidia-confirm,standard-200-fast-gpu-r1,199.95625,13,steady,6240000,480000,154.53968,vulkan,5.621313,16.382464,69.648264,26.986539,2.174064,12.96496,0.303917,20.457826,18.400851,4.144536
nvidia-confirm,standard-200-fast-gpu-r1,199.95625,14,steady,6720000,480000,153.668394,vulkan,5.629129,15.774726,66.964091,25.322911,2.080466,14.252254,0.455783,23.188692,18.198296,5.824881
nvidia-confirm,standard-200-fast-gpu-r1,199.95625,15,steady,7200000,480000,165.347643,vulkan,5.689339,16.239285,74.557923,30.018093,3.016299,15.188515,0.374813,20.262806,23.653077,4.144774
nvidia-confirm,standard-200-fast-gpu-r1,199.95625,16,steady,7680000,480000,151.95714,vulkan,5.650373,16.313652,65.625664,28.152411,2.164955,13.42408,0.387465,20.238226,18.366913,4.193811
nvidia-confirm,standard-200-fast-gpu-r1,199.95625,17,steady,8160000,480000,150.858301,vulkan,5.659325,16.693322,66.248906,26.255962,2.164446,13.022544,0.428904,20.384601,18.284548,4.168867
nvidia-confirm,standard-200-fast-gpu-r1,199.95625,18,steady,8640000,480000,182.312688,vulkan,5.752161,17.801903,88.776871,31.256336,2.037126,16.013236,0.460466,20.213763,18.526795,4.138948
nvidia-confirm,standard-200-fast-gpu-r1,199.95625,19,steady,9120000,480000,196.400172,vulkan,5.728187,15.596404,96.926498,35.143324,3.170429,18.23403,0.595336,21.005458,18.797801,4.40739
nvidia-confirm,standard-200-fast-gpu-r2,199.95625,0,gpu_qualification,0,480000,289.343328,cpu,11.580411,19.307253,86.48582,136.710741,2.089992,13.009997,0.043013,20.115708,36.789437,3.067704
nvidia-confirm,standard-200-fast-gpu-r2,199.95625,1,gpu_qualification,480000,480000,230.422835,cpu,5.693793,19.259732,65.816267,103.935962,2.281842,13.22649,0.057088,20.15108,18.135263,3.054181
nvidia-confirm,standard-200-fast-gpu-r2,199.95625,2,gpu_qualification,960000,480000,276.962323,cpu,5.626505,15.8732,98.384342,121.541974,2.047241,13.025796,0.062238,20.400669,17.956427,3.170787
nvidia-confirm,standard-200-fast-gpu-r2,199.95625,3,steady,1440000,480000,163.330161,vulkan,6.154136,18.977392,81.668472,20.732953,2.052133,13.072292,0.117006,20.555278,21.994023,4.153772
nvidia-confirm,standard-200-fast-gpu-r2,199.95625,4,steady,1920000,480000,147.773082,vulkan,5.630689,16.163437,70.224951,20.465862,2.057149,12.958208,0.084531,20.187859,18.059609,4.128451
nvidia-confirm,standard-200-fast-gpu-r2,199.95625,5,steady,2400000,480000,166.901324,vulkan,5.6482,16.036811,76.25306,23.982143,2.674383,16.233445,0.139487,25.933359,18.141013,4.153807
nvidia-confirm,standard-200-fast-gpu-r2,199.95625,6,steady,2880000,480000,168.597045,vulkan,5.672651,15.55481,90.905524,20.237252,2.108483,13.620672,0.124974,20.372108,18.745968,4.246881
nvidia-confirm,standard-200-fast-gpu-r2,199.95625,7,steady,3360000,480000,172.256367,vulkan,5.813967,16.729911,93.359853,21.088683,2.09069,12.940635,0.133897,20.097867,18.551075,4.152742
nvidia-confirm,standard-200-fast-gpu-r2,199.95625,8,steady,3840000,480000,156.759647,vulkan,5.685222,16.866655,78.421881,19.803367,2.062346,13.340068,0.173009,20.406714,18.146182,4.449577
nvidia-confirm,standard-200-fast-gpu-r2,199.95625,9,steady,4320000,480000,176.168432,vulkan,6.148555,15.789028,98.002347,20.788351,2.083606,13.004001,0.189819,20.161845,20.295205,4.189484
nvidia-confirm,standard-200-fast-gpu-r2,199.95625,10,steady,4800000,480000,165.886003,vulkan,5.615712,16.118515,86.748156,19.692241,2.196067,14.362831,0.206872,20.944835,18.647924,4.274162
nvidia-confirm,standard-200-fast-gpu-r2,199.95625,11,steady,5280000,480000,162.768907,vulkan,5.798032,16.090485,85.315793,19.656978,2.106031,13.338267,0.225427,20.23729,18.261983,4.162212
nvidia-confirm,standard-200-fast-gpu-r2,199.95625,12,steady,5760000,480000,150.560695,vulkan,5.85569,15.734509,70.386771,20.431841,2.042779,14.062849,0.254731,21.790909,18.259177,4.464435
nvidia-confirm,standard-200-fast-gpu-r2,199.95625,13,steady,6240000,480000,154.511369,vulkan,7.253371,20.555916,69.763723,21.208763,2.067171,13.104389,0.307768,20.24995,19.891173,4.188831
nvidia-confirm,standard-200-fast-gpu-r2,199.95625,14,steady,6720000,480000,160.976014,vulkan,5.639108,15.500939,72.90624,29.582865,2.08064,13.238546,0.349785,21.677555,20.212156,5.417178
nvidia-confirm,standard-200-fast-gpu-r2,199.95625,15,steady,7200000,480000,161.603945,vulkan,6.865753,16.539658,72.232863,29.264768,2.606558,13.509917,0.359769,20.224285,22.679382,4.124238
nvidia-confirm,standard-200-fast-gpu-r2,199.95625,16,steady,7680000,480000,181.902478,vulkan,5.66197,15.175799,78.255771,30.311789,3.180628,19.879159,0.514067,28.922832,18.339838,4.32224
nvidia-confirm,standard-200-fast-gpu-r2,199.95625,17,steady,8160000,480000,167.154167,vulkan,5.685859,15.368751,65.373288,32.036939,3.239702,17.589439,0.435379,27.424307,18.053756,6.06089
nvidia-confirm,standard-200-fast-gpu-r2,199.95625,18,steady,8640000,480000,152.018621,vulkan,5.827357,15.458482,66.220832,25.743343,2.462069,15.579581,0.494472,20.231968,25.189987,4.129637
nvidia-confirm,standard-200-fast-gpu-r2,199.95625,19,steady,9120000,480000,155.757736,vulkan,5.643357,16.71856,69.983634,26.448388,2.082003,13.266706,0.488981,21.125612,18.088994,4.233149
nvidia-confirm,standard-200-fast-gpu-r3,199.95625,0,gpu_qualification,0,480000,266.883007,cpu,11.635688,18.513876,86.614121,111.09339,2.048008,14.60178,0.049568,22.326047,33.243116,3.33242
nvidia-confirm,standard-200-fast-gpu-r3,199.95625,1,gpu_qualification,480000,480000,231.138741,cpu,5.714453,20.269211,69.270131,100.430613,2.059092,12.951803,0.059207,20.383824,18.239499,3.066885
nvidia-confirm,standard-200-fast-gpu-r3,199.95625,2,gpu_qualification,960000,480000,241.660341,cpu,5.64054,17.303842,87.834986,94.720535,2.096209,13.821209,0.066016,20.176588,18.216844,3.034634
nvidia-confirm,standard-200-fast-gpu-r3,199.95625,3,steady,1440000,480000,176.686752,vulkan,6.836173,18.812297,90.136265,24.600609,2.605214,13.263773,0.080294,20.351886,19.090208,4.160034
nvidia-confirm,standard-200-fast-gpu-r3,199.95625,4,steady,1920000,480000,151.167367,vulkan,5.651975,16.36401,66.30194,20.548932,2.055833,16.170281,0.096807,23.977131,18.035474,4.168952
nvidia-confirm,standard-200-fast-gpu-r3,199.95625,5,steady,2400000,480000,148.682281,vulkan,5.93858,16.707762,69.485561,21.181323,2.089038,12.942318,0.110788,20.226551,20.287046,4.142792
nvidia-confirm,standard-200-fast-gpu-r3,199.95625,6,steady,2880000,480000,156.786414,vulkan,5.589673,16.132306,72.898183,23.860982,3.057388,15.083616,0.129725,20.03416,18.557911,4.161074
nvidia-confirm,standard-200-fast-gpu-r3,199.95625,7,steady,3360000,480000,169.936061,vulkan,5.642719,16.155321,91.903187,20.70508,2.060964,13.008132,0.191179,20.269011,18.34995,5.1579
nvidia-confirm,standard-200-fast-gpu-r3,199.95625,8,steady,3840000,480000,170.141602,vulkan,7.931549,18.182156,88.103753,20.294859,2.0657,13.149734,0.185287,20.228123,23.335852,4.278144
nvidia-confirm,standard-200-fast-gpu-r3,199.95625,9,steady,4320000,480000,154.753506,vulkan,6.865833,16.511107,68.741833,26.30401,2.56625,13.384259,0.198253,20.18163,20.962212,4.253919
nvidia-confirm,standard-200-fast-gpu-r3,199.95625,10,steady,4800000,480000,149.694151,vulkan,6.778487,16.92161,69.271434,20.951279,2.139761,13.196312,0.210782,20.22419,21.637188,4.226799
nvidia-confirm,standard-200-fast-gpu-r3,199.95625,11,steady,5280000,480000,157.175889,vulkan,6.919267,16.638704,66.850703,20.669947,2.884428,17.30581,0.427132,25.479326,21.21848,5.541329
nvidia-confirm,standard-200-fast-gpu-r3,199.95625,12,steady,5760000,480000,151.510984,vulkan,5.883567,15.709094,65.24306,26.591558,2.887037,14.591253,0.24794,20.357097,22.033994,4.13058
nvidia-confirm,standard-200-fast-gpu-r3,199.95625,13,steady,6240000,480000,177.750347,vulkan,5.64751,15.840096,88.897358,23.081587,2.538854,16.613243,0.34843,24.78282,18.562259,4.19081
nvidia-confirm,standard-200-fast-gpu-r3,199.95625,14,steady,6720000,480000,183.224567,vulkan,5.669804,17.088345,97.471659,25.175426,2.688137,13.800172,0.352196,20.978498,18.039721,4.244974
nvidia-confirm,standard-200-fast-gpu-r3,199.95625,15,steady,7200000,480000,160.239982,vulkan,5.853225,17.505063,73.409466,27.207752,2.291465,13.289664,0.36425,20.318636,18.893634,4.137466
nvidia-confirm,standard-200-fast-gpu-r3,199.95625,16,steady,7680000,480000,161.56677,vulkan,5.881529,16.114643,66.047321,31.128108,2.76366,18.642041,0.454307,20.534613,18.394357,4.2422
nvidia-confirm,standard-200-fast-gpu-r3,199.95625,17,steady,8160000,480000,156.409139,vulkan,6.885653,16.149718,67.872328,28.595666,2.240371,13.834672,0.41647,20.413932,21.270927,4.148827
nvidia-confirm,standard-200-fast-gpu-r3,199.95625,18,steady,8640000,480000,167.08876,vulkan,5.707786,16.486382,83.058533,26.014146,2.086651,12.904503,0.486955,20.34342,18.47522,4.226852
nvidia-confirm,standard-200-fast-gpu-r3,199.95625,19,steady,9120000,480000,184.596545,vulkan,5.665461,16.025078,94.544808,26.143106,2.083404,12.960092,0.497551,26.676703,18.208879,5.777723
nvidia-confirm,standard-200-upstream-cpu-r1,199.95625,0,cold,0,480000,226.512572,cpu,12.186517,19.824281,69.512842,87.385164,0.000825,15.43627,0.04573,22.120392,34.231726,0.709056
nvidia-confirm,standard-200-upstream-cpu-r1,199.95625,1,warmup,480000,480000,211.320795,cpu,5.101538,19.384289,68.52404,81.358867,0.001011,15.467674,0.054578,21.428242,18.220042,0.705668
nvidia-confirm,standard-200-upstream-cpu-r1,199.95625,2,warmup,960000,480000,257.131431,cpu,5.165347,15.264952,84.078129,115.559072,0.000686,15.518254,0.059327,21.485114,18.072285,0.742234
nvidia-confirm,standard-200-upstream-cpu-r1,199.95625,3,steady,1440000,480000,293.235762,cpu,4.981877,18.151429,104.583224,128.472123,0.001233,15.415578,0.076366,21.553421,18.712935,0.73353
nvidia-confirm,standard-200-upstream-cpu-r1,199.95625,4,steady,1920000,480000,202.014875,cpu,4.972064,17.479071,66.385111,75.834783,0.000939,15.813451,0.07606,21.452972,18.10858,0.725442
nvidia-confirm,standard-200-upstream-cpu-r1,199.95625,5,steady,2400000,480000,202.61554,cpu,4.967558,15.701915,70.235966,74.81407,0.000874,15.320015,0.101551,21.473168,18.356465,0.735606
nvidia-confirm,standard-200-upstream-cpu-r1,199.95625,6,steady,2880000,480000,241.876527,cpu,4.948396,15.56823,98.711049,85.312193,0.001105,15.53268,0.136127,21.666547,18.500327,0.738442
nvidia-confirm,standard-200-upstream-cpu-r1,199.95625,7,steady,3360000,480000,238.392507,cpu,5.070196,16.774123,90.155429,89.442421,0.000846,15.278691,0.127452,21.543041,18.419309,0.74146
nvidia-confirm,standard-200-upstream-cpu-r1,199.95625,8,steady,3840000,480000,224.094676,cpu,4.94713,18.774773,82.972067,80.027776,0.001086,15.546695,0.171707,21.653135,18.117078,0.774239
nvidia-confirm,standard-200-upstream-cpu-r1,199.95625,9,steady,4320000,480000,207.897361,cpu,5.268797,19.118822,69.299219,77.116306,0.001053,15.344799,0.195591,21.551955,18.667325,0.751035
nvidia-confirm,standard-200-upstream-cpu-r1,199.95625,10,steady,4800000,480000,242.531255,cpu,4.962334,16.488368,87.965416,93.880485,0.001366,15.866015,0.20874,23.158126,18.523414,0.803807
nvidia-confirm,standard-200-upstream-cpu-r1,199.95625,11,steady,5280000,480000,239.577411,cpu,5.208418,16.686152,81.882377,98.343981,0.000865,15.587213,0.219631,21.648225,18.310751,0.814305
nvidia-confirm,standard-200-upstream-cpu-r1,199.95625,12,steady,5760000,480000,216.719194,cpu,5.177947,15.734165,68.170971,89.175048,0.000763,15.699193,0.276932,22.4837,18.046277,0.728215
nvidia-confirm,standard-200-upstream-cpu-r1,199.95625,13,steady,6240000,480000,235.550007,cpu,5.011622,17.515292,84.835986,79.839577,0.001025,19.089498,0.361503,28.895004,18.611947,0.97659
nvidia-confirm,standard-200-upstream-cpu-r1,199.95625,14,steady,6720000,480000,261.232994,cpu,6.809359,17.753037,72.204851,126.843182,0.001129,15.462508,0.325203,21.833398,24.288407,0.786219
nvidia-confirm,standard-200-upstream-cpu-r1,199.95625,15,steady,7200000,480000,224.556855,cpu,5.007802,17.019436,81.884967,83.356621,0.001167,15.524534,0.361606,21.400402,20.609442,0.747477
nvidia-confirm,standard-200-upstream-cpu-r1,199.95625,16,steady,7680000,480000,214.639586,cpu,4.991523,16.007214,68.621638,87.101283,0.000889,15.648667,0.393639,21.874353,18.613677,0.732137
nvidia-confirm,standard-200-upstream-cpu-r1,199.95625,17,steady,8160000,480000,206.930864,cpu,4.991198,15.636947,70.552219,73.183408,0.001158,18.24935,0.695964,23.620311,18.271605,0.740548
nvidia-confirm,standard-200-upstream-cpu-r1,199.95625,18,steady,8640000,480000,208.313618,cpu,5.896879,16.387129,69.684557,78.74207,0.00168,15.63528,0.466731,21.498956,18.425288,0.766289
nvidia-confirm,standard-200-upstream-cpu-r1,199.95625,19,steady,9120000,480000,217.726649,cpu,4.971918,15.837107,79.979044,79.170762,0.001134,15.562375,0.483759,21.719944,18.206037,0.766155
nvidia-confirm,standard-200-upstream-cpu-r2,199.95625,0,cold,0,480000,236.019454,cpu,11.850609,19.846282,73.856634,91.737258,0.001581,16.02043,0.058377,22.647691,33.70827,2.367909
nvidia-confirm,standard-200-upstream-cpu-r2,199.95625,1,warmup,480000,480000,265.909343,cpu,5.329725,18.76762,86.998341,117.618927,0.005369,15.571032,0.056441,21.561125,19.351955,2.241408
nvidia-confirm,standard-200-upstream-cpu-r2,199.95625,2,warmup,960000,480000,213.001084,cpu,4.955066,15.819855,73.150666,81.528747,0.000995,15.522688,0.060676,21.961923,18.339554,2.249345
nvidia-confirm,standard-200-upstream-cpu-r2,199.95625,3,steady,1440000,480000,202.572181,cpu,4.960342,17.04017,67.828669,75.329399,0.001464,15.662469,0.077787,21.67103,18.661307,2.250926
nvidia-confirm,standard-200-upstream-cpu-r2,199.95625,4,steady,1920000,480000,222.608723,cpu,4.977729,16.50726,70.043608,93.032158,0.001509,15.992664,0.07905,21.974212,18.389238,2.285074
nvidia-confirm,standard-200-upstream-cpu-r2,199.95625,5,steady,2400000,480000,246.329755,cpu,5.073947,16.171934,88.971612,98.955886,0.001349,15.572777,0.092813,21.488627,18.528967,2.250749
nvidia-confirm,standard-200-upstream-cpu-r2,199.95625,6,steady,2880000,480000,228.360966,cpu,5.568652,15.815597,79.381141,89.599529,0.001682,16.325699,0.129197,21.538828,19.390949,2.26517
nvidia-confirm,standard-200-upstream-cpu-r2,199.95625,7,steady,3360000,480000,265.366085,cpu,5.177119,17.379084,86.497464,118.687353,0.001055,15.874971,0.131366,21.616969,18.59675,2.254669
nvidia-confirm,standard-200-upstream-cpu-r2,199.95625,8,steady,3840000,480000,213.751313,cpu,4.968244,17.353112,72.788624,81.615761,0.001566,15.343458,0.178318,21.50171,18.273886,2.299216
nvidia-confirm,standard-200-upstream-cpu-r2,199.95625,9,steady,4320000,480000,247.900526,cpu,5.159396,19.959858,87.07913,98.581809,0.001451,15.504375,0.189782,21.423974,18.479642,2.267168
nvidia-confirm,standard-200-upstream-cpu-r2,199.95625,10,steady,4800000,480000,230.371793,cpu,4.936489,18.162761,78.405612,86.402033,0.001641,15.859642,0.221182,26.381782,18.588736,2.372275
nvidia-confirm,standard-200-upstream-cpu-r2,199.95625,11,steady,5280000,480000,210.949099,cpu,5.011219,18.925581,75.828771,73.586376,0.001486,15.609156,0.215225,21.770565,18.176182,2.266352
nvidia-confirm,standard-200-upstream-cpu-r2,199.95625,12,steady,5760000,480000,219.298765,cpu,4.973065,16.462566,71.569467,88.659009,0.001063,15.76158,0.277109,21.594326,18.370253,2.25628
nvidia-confirm,standard-200-upstream-cpu-r2,199.95625,13,steady,6240000,480000,231.482381,cpu,5.122726,16.41902,84.602468,85.248812,0.001208,15.80014,0.319061,23.968488,18.442543,2.233259
nvidia-confirm,standard-200-upstream-cpu-r2,199.95625,14,steady,6720000,480000,252.790635,cpu,5.056663,15.559203,71.275007,122.619202,0.001059,15.744548,0.335767,22.198219,18.321562,2.294208
nvidia-confirm,standard-200-upstream-cpu-r2,199.95625,15,steady,7200000,480000,251.764251,cpu,5.183154,17.214442,93.918398,98.283026,0.001436,15.338546,0.360373,21.464011,18.16765,2.230124
nvidia-confirm,standard-200-upstream-cpu-r2,199.95625,16,steady,7680000,480000,228.828509,cpu,4.989282,16.418744,67.63401,101.016556,0.001555,15.548697,0.39661,22.822681,18.258467,2.274789
nvidia-confirm,standard-200-upstream-cpu-r2,199.95625,17,steady,8160000,480000,247.99576,cpu,5.178129,16.919312,85.45269,100.447569,0.001319,17.441316,0.629659,21.925037,18.257618,2.260766
nvidia-confirm,standard-200-upstream-cpu-r2,199.95625,18,steady,8640000,480000,207.937256,cpu,5.160879,16.258954,66.595634,82.278416,0.001544,15.775392,0.441383,21.424702,18.277417,2.272243
nvidia-confirm,standard-200-upstream-cpu-r2,199.95625,19,steady,9120000,480000,205.877144,cpu,4.974069,16.413021,65.199958,81.245723,0.001149,15.43003,0.479566,22.133216,18.295222,2.865212
nvidia-confirm,standard-200-upstream-cpu-r3,199.95625,0,cold,0,480000,224.784935,cpu,11.406432,18.786353,68.083839,85.566524,0.000923,16.519291,0.053494,24.367835,32.9912,2.252626
nvidia-confirm,standard-200-upstream-cpu-r3,199.95625,1,warmup,480000,480000,208.461175,cpu,5.036431,19.613174,67.945514,78.085469,0.001098,15.503618,0.055641,22.219778,18.390006,2.249088
nvidia-confirm,standard-200-upstream-cpu-r3,199.95625,2,warmup,960000,480000,242.180325,cpu,4.973916,17.856677,94.916044,87.270418,0.001215,15.623406,0.063881,21.474422,18.107651,2.265271
nvidia-confirm,standard-200-upstream-cpu-r3,199.95625,3,steady,1440000,480000,277.300005,cpu,4.957008,17.300208,88.564189,128.80308,0.001291,15.770159,0.078125,21.825646,18.418835,2.39688
nvidia-confirm,standard-200-upstream-cpu-r3,199.95625,4,steady,1920000,480000,206.779198,cpu,5.029435,16.214298,64.235619,81.648704,0.001104,17.704428,0.085796,21.859535,18.750241,2.252126
nvidia-confirm,standard-200-upstream-cpu-r3,199.95625,5,steady,2400000,480000,236.837373,cpu,4.969527,16.583178,91.412416,86.406358,0.000883,15.738677,0.09195,21.633915,18.26579,2.404523
nvidia-confirm,standard-200-upstream-cpu-r3,199.95625,6,steady,2880000,480000,230.172357,cpu,4.944349,18.643095,89.180766,79.249762,0.000765,15.493466,0.131379,22.528494,18.810193,2.707183
nvidia-confirm,standard-200-upstream-cpu-r3,199.95625,7,steady,3360000,480000,206.650514,cpu,4.964387,16.094646,69.694313,77.631056,0.000887,16.667317,0.125374,21.472042,18.689571,2.22252
nvidia-confirm,standard-200-upstream-cpu-r3,199.95625,8,steady,3840000,480000,223.712219,cpu,4.993949,18.044306,79.672599,83.743143,0.000845,15.447308,0.241751,21.567909,18.06214,2.274668
nvidia-confirm,standard-200-upstream-cpu-r3,199.95625,9,steady,4320000,480000,198.000554,cpu,5.002115,15.577718,65.528349,73.691529,0.000841,16.188992,0.204005,21.806814,18.197212,2.306246
nvidia-confirm,standard-200-upstream-cpu-r3,199.95625,10,steady,4800000,480000,220.74876,cpu,6.335656,16.375797,79.834182,80.670144,0.000994,15.344202,0.315707,21.871735,22.461266,2.302513
nvidia-confirm,standard-200-upstream-cpu-r3,199.95625,11,steady,5280000,480000,239.59986,cpu,5.042732,17.693718,91.154229,88.131181,0.000848,15.729879,0.219731,21.627063,18.411636,2.263056
nvidia-confirm,standard-200-upstream-cpu-r3,199.95625,12,steady,5760000,480000,250.54535,cpu,5.016813,15.635771,91.56517,100.895337,0.001049,15.498889,0.261671,21.670306,18.437232,2.250126
nvidia-confirm,standard-200-upstream-cpu-r3,199.95625,13,steady,6240000,480000,212.719965,cpu,5.187878,15.685727,67.757901,86.824118,0.001058,15.427321,0.3133,21.5222,18.337927,2.22608
nvidia-confirm,standard-200-upstream-cpu-r3,199.95625,14,steady,6720000,480000,200.710384,cpu,4.990693,16.382252,64.929007,76.794656,0.000858,15.434387,0.343716,21.834565,18.289006,2.280044
nvidia-confirm,standard-200-upstream-cpu-r3,199.95625,15,steady,7200000,480000,228.120403,cpu,5.895975,16.035694,81.094936,85.167411,0.001082,17.709536,0.35454,21.860924,18.907018,2.274967
nvidia-confirm,standard-200-upstream-cpu-r3,199.95625,16,steady,7680000,480000,222.890919,cpu,5.245218,15.96465,73.204154,87.26974,0.001024,15.874255,0.379117,24.952315,18.995503,2.321984
nvidia-confirm,standard-200-upstream-cpu-r3,199.95625,17,steady,8160000,480000,223.076368,cpu,5.026098,16.958191,77.361254,85.752359,0.000906,15.590427,0.437572,21.949243,18.66824,2.286387
nvidia-confirm,standard-200-upstream-cpu-r3,199.95625,18,steady,8640000,480000,221.103425,cpu,5.020598,16.367492,76.95423,83.467751,0.001272,15.794261,0.456793,23.04065,18.30933,2.266586
nvidia-confirm,standard-200-upstream-cpu-r3,199.95625,19,steady,9120000,480000,247.791444,cpu,5.459521,17.639973,95.107384,87.375997,0.00119,19.534436,0.490888,22.181671,18.202612,2.293989
nvidia-pilot,gpu-heavy-500-fast-auto-r1,499.91625,0,gpu_qualification,0,1200000,752.102387,cpu,29.088662,56.147253,189.202782,344.820652,8.026232,49.488942,0.149167,75.177855,84.145071,11.91912
nvidia-pilot,gpu-heavy-500-fast-auto-r1,499.91625,1,gpu_qualification,1200000,1200000,636.262412,cpu,14.045096,60.056506,209.838254,218.591997,7.918239,50.628672,0.155923,75.026989,45.56758,12.236925
nvidia-pilot,gpu-heavy-500-fast-auto-r1,499.91625,2,gpu_qualification,2400000,1200000,588.303883,cpu,14.15737,49.510969,196.411679,197.608372,7.697729,48.385687,0.228229,74.303111,50.456396,11.534187
nvidia-pilot,gpu-heavy-500-fast-auto-r1,499.91625,3,steady,3600000,1200000,471.765583,vulkan,14.021491,53.745866,192.101819,79.575847,8.014626,49.2361,0.290141,74.779376,45.539081,15.55137
nvidia-pilot,gpu-heavy-500-fast-auto-r1,499.91625,4,steady,4800000,1200000,446.040894,vulkan,14.253301,51.382632,178.63969,70.910537,7.689939,48.332023,0.346914,74.485427,46.210046,15.560176
nvidia-pilot,gpu-heavy-500-fast-auto-r1,499.91625,5,steady,6000000,1200000,548.44469,vulkan,13.959327,49.107199,217.530562,130.42872,11.539768,50.582377,0.473605,74.822102,45.396272,15.699359
nvidia-pilot,gpu-heavy-500-fast-auto-r1,499.91625,6,steady,7200000,1200000,494.831388,vulkan,14.127048,48.009708,177.461953,117.838853,9.987116,52.238881,0.53782,74.629508,45.581589,15.535257
nvidia-pilot,gpu-heavy-500-fast-auto-r1,499.91625,7,steady,8400000,1200000,573.906809,vulkan,14.064193,60.716817,256.841148,107.552994,10.744044,48.736749,0.572632,74.677197,45.472439,15.558428
nvidia-pilot,gpu-heavy-500-fast-auto-r1,499.91625,8,steady,9600000,1200000,515.209688,vulkan,14.041098,49.340917,195.39464,119.343353,10.878602,49.861923,0.631777,75.716836,46.836613,15.750691
nvidia-pilot,gpu-heavy-500-fast-auto-r1,499.91625,9,steady,10800000,1200000,521.022724,vulkan,15.905317,49.829351,217.5711,103.387981,9.173772,49.725964,0.724127,74.704204,47.811617,15.48042
nvidia-pilot,gpu-heavy-500-fast-auto-r1,499.91625,10,steady,12000000,1200000,504.362738,vulkan,13.995533,51.293176,192.01416,111.623294,8.286565,50.315253,0.777227,76.056564,45.428665,15.573672
nvidia-pilot,gpu-heavy-500-fast-auto-r1,499.91625,11,steady,13200000,1200000,511.573828,vulkan,14.393327,52.572882,207.528771,102.600178,7.9428,51.159738,0.896244,74.479354,45.207328,15.612203
nvidia-pilot,gpu-heavy-500-fast-auto-r1,499.91625,12,steady,14400000,1200000,519.304464,vulkan,13.969607,48.365769,175.226224,136.948715,12.024924,57.323969,0.963238,74.481437,45.761596,15.49738
nvidia-pilot,gpu-heavy-500-fast-auto-r1,499.91625,13,steady,15600000,1200000,513.599005,vulkan,14.095841,56.927962,203.78819,101.620317,7.929381,52.945383,1.086344,75.204816,59.847173,15.516844
nvidia-pilot,gpu-heavy-500-fast-auto-r1,499.91625,14,steady,16800000,1200000,538.711056,vulkan,15.826219,58.093964,229.914558,100.824896,7.75115,50.326022,1.209992,74.763633,45.729652,15.592481
nvidia-pilot,gpu-heavy-500-fast-auto-r1,499.91625,15,steady,18000000,1200000,517.916508,vulkan,14.010278,48.095468,223.548876,100.323714,7.712087,48.3741,1.30586,74.545471,45.377501,15.643604
nvidia-pilot,gpu-heavy-500-fast-auto-r1,499.91625,16,steady,19200000,1200000,501.505492,vulkan,14.043499,51.641664,198.614808,104.44027,7.789496,49.027382,1.412999,74.534189,45.626703,15.659892
nvidia-pilot,gpu-heavy-500-fast-auto-r1,499.91625,17,steady,20400000,1200000,517.467855,vulkan,14.126493,48.646274,212.902753,109.165013,7.78853,48.565146,1.512834,74.759621,45.514914,15.548778
nvidia-pilot,gpu-heavy-500-fast-auto-r1,499.91625,18,steady,21600000,1200000,501.624159,vulkan,14.147491,50.346035,180.49996,117.774256,10.985046,51.663943,1.638417,74.568182,45.502782,15.48583
nvidia-pilot,gpu-heavy-500-fast-auto-r1,499.91625,19,steady,22800000,1200000,524.43128,vulkan,14.066594,49.124195,191.216036,128.401783,11.717344,53.093692,1.782261,75.028358,45.022809,15.948024
nvidia-pilot,gpu-heavy-500-fast-cpu-r1,499.91625,0,cold,0,1200000,590.747657,cpu,29.978663,55.625247,198.479223,174.413292,7.829688,49.138108,0.108459,75.174437,84.153276,11.634018
nvidia-pilot,gpu-heavy-500-fast-cpu-r1,499.91625,1,warmup,1200000,1200000,562.866741,cpu,14.447328,54.617248,189.865466,171.411395,7.789147,49.077676,0.152308,75.505589,45.554659,12.079653
nvidia-pilot,gpu-heavy-500-fast-cpu-r1,499.91625,2,warmup,2400000,1200000,718.153019,cpu,14.023327,67.024265,259.026739,244.595005,7.723852,50.01708,0.236037,75.506335,49.565758,11.612278
nvidia-pilot,gpu-heavy-500-fast-cpu-r1,499.91625,3,steady,3600000,1200000,623.520098,cpu,14.160871,53.778474,220.798528,203.29911,7.705585,48.729847,0.297519,74.749521,45.574301,11.64147
nvidia-pilot,gpu-heavy-500-fast-cpu-r1,499.91625,4,steady,4800000,1200000,560.171305,cpu,14.135175,48.979516,187.034034,179.248417,7.747033,48.035099,0.348322,74.643151,45.68374,11.529287
nvidia-pilot,gpu-heavy-500-fast-cpu-r1,499.91625,5,steady,6000000,1200000,576.504617,cpu,14.063699,47.61482,197.648844,177.891826,7.980778,56.1076,0.461823,74.734644,45.386089,11.575782
nvidia-pilot,gpu-heavy-500-fast-cpu-r1,499.91625,6,steady,7200000,1200000,611.90071,cpu,14.219298,54.764278,229.739921,174.654801,7.746817,53.430103,0.618099,76.726759,46.281795,11.521274
nvidia-pilot,gpu-heavy-500-fast-cpu-r1,499.91625,7,steady,8400000,1200000,593.684615,cpu,14.09545,51.443191,213.138553,182.66763,7.659276,49.712307,0.591036,74.376462,45.581479,11.565534
nvidia-pilot,gpu-heavy-500-fast-cpu-r1,499.91625,8,steady,9600000,1200000,596.512698,cpu,14.053583,51.855548,201.759138,197.548141,7.734655,48.463152,0.625352,74.472723,45.970687,11.528913
nvidia-pilot,gpu-heavy-500-fast-cpu-r1,499.91625,9,steady,10800000,1200000,664.299382,cpu,14.778886,53.979062,247.631072,215.364551,7.698309,49.110041,0.699426,75.037314,45.565026,12.787024
nvidia-pilot,gpu-heavy-500-fast-cpu-r1,499.91625,10,steady,12000000,1200000,571.104851,cpu,21.745614,55.538515,185.462625,172.412094,7.705464,52.039636,0.796605,75.403806,53.913071,11.817793
nvidia-pilot,gpu-heavy-500-fast-cpu-r1,499.91625,11,steady,13200000,1200000,555.188225,cpu,14.281573,47.081351,186.822939,175.450884,7.726934,48.441951,0.932579,74.449345,45.257779,11.509293
nvidia-pilot,gpu-heavy-500-fast-cpu-r1,499.91625,12,steady,14400000,1200000,621.048284,cpu,14.112045,59.738742,227.363463,187.909979,7.68206,48.468506,0.990132,74.78298,45.756115,11.466046
nvidia-pilot,gpu-heavy-500-fast-cpu-r1,499.91625,13,steady,15600000,1200000,634.403864,cpu,14.071296,53.17972,239.043336,196.491892,7.719174,48.221561,1.109787,74.566612,45.124302,11.531452
nvidia-pilot,gpu-heavy-500-fast-cpu-r1,499.91625,14,steady,16800000,1200000,549.760676,cpu,14.12646,51.645274,183.138038,168.887893,7.715402,48.46118,1.226014,74.559896,45.728968,11.469722
nvidia-pilot,gpu-heavy-500-fast-cpu-r1,499.91625,15,steady,18000000,1200000,671.091777,cpu,14.088146,47.389793,217.216567,259.734415,8.139934,48.730507,1.31974,74.472301,45.257734,11.557713
nvidia-pilot,gpu-heavy-500-fast-cpu-r1,499.91625,16,steady,19200000,1200000,563.083556,cpu,14.021398,53.811328,197.191074,162.677685,7.803783,51.31767,1.426285,74.833868,45.951853,11.623262
nvidia-pilot,gpu-heavy-500-fast-cpu-r1,499.91625,17,steady,20400000,1200000,641.121042,cpu,14.102447,51.049723,235.330723,206.762377,8.040827,49.056895,1.631752,75.145872,45.116465,11.820367
nvidia-pilot,gpu-heavy-500-fast-cpu-r1,499.91625,18,steady,21600000,1200000,652.348175,cpu,14.230189,46.640912,228.214956,217.358895,8.121705,50.878509,1.656157,85.246334,45.347359,11.85397
nvidia-pilot,gpu-heavy-500-fast-cpu-r1,499.91625,19,steady,22800000,1200000,658.980373,cpu,17.346057,55.788561,222.876354,228.402841,7.96863,49.829045,1.78538,74.983082,54.385971,11.525585
nvidia-pilot,gpu-heavy-500-fast-gpu-r1,499.91625,0,gpu_qualification,0,1200000,709.012209,cpu,29.453968,56.989121,231.497434,259.806843,7.705445,49.195841,0.11172,74.251258,86.289449,11.506994
nvidia-pilot,gpu-heavy-500-fast-gpu-r1,499.91625,1,gpu_qualification,1200000,1200000,690.908529,cpu,14.072599,57.520225,186.900707,295.633654,8.535963,53.318644,0.149797,74.776618,45.086246,11.552888
nvidia-pilot,gpu-heavy-500-fast-gpu-r1,499.91625,2,gpu_qualification,2400000,1200000,702.7829,cpu,14.500526,47.247241,230.292303,277.81963,7.915091,49.728311,0.230664,75.048627,46.075663,11.772675
nvidia-pilot,gpu-heavy-500-fast-gpu-r1,499.91625,3,steady,3600000,1200000,509.660149,vulkan,14.106882,51.618523,257.17901,54.802684,7.728771,48.88886,0.297949,75.037044,45.926262,15.591271
nvidia-pilot,gpu-heavy-500-fast-gpu-r1,499.91625,4,steady,4800000,1200000,529.125477,vulkan,14.402865,54.116942,253.524627,73.823733,8.036773,49.378644,0.338744,75.502624,45.738802,15.679419
nvidia-pilot,gpu-heavy-500-fast-gpu-r1,499.91625,5,steady,6000000,1200000,520.276445,vulkan,14.234485,53.14339,243.84823,75.746544,7.828676,49.515033,0.452722,75.506749,46.230528,15.860618
nvidia-pilot,gpu-heavy-500-fast-gpu-r1,499.91625,6,steady,7200000,1200000,551.111475,vulkan,16.43553,48.252693,235.413522,118.970351,7.934423,49.198655,0.560611,74.344821,47.180879,15.606928
nvidia-pilot,gpu-heavy-500-fast-gpu-r1,499.91625,7,steady,8400000,1200000,516.305172,vulkan,14.161723,53.298668,208.68518,107.463333,7.939034,49.413219,0.611895,74.731572,45.426601,15.539475
nvidia-pilot,gpu-heavy-500-fast-gpu-r1,499.91625,8,steady,9600000,1200000,578.206243,vulkan,14.075285,54.34922,272.651347,105.236259,7.734804,48.495091,0.649698,75.014037,46.064885,15.486142
nvidia-pilot,gpu-heavy-500-fast-gpu-r1,499.91625,9,steady,10800000,1200000,559.647479,vulkan,14.202677,51.230978,249.480418,111.9279,7.816589,48.746785,0.781482,75.460287,45.068595,15.710101
nvidia-pilot,gpu-heavy-500-fast-gpu-r1,499.91625,10,steady,12000000,1200000,549.367455,vulkan,14.25956,57.917241,228.818939,113.173921,7.731769,51.757445,0.804,74.904237,45.449889,15.6073
nvidia-pilot,gpu-heavy-500-fast-gpu-r1,499.91625,11,steady,13200000,1200000,550.154434,vulkan,14.181148,47.185595,241.892926,114.359712,7.814845,48.583362,0.91154,75.224725,45.747714,15.500713
nvidia-pilot,gpu-heavy-500-fast-gpu-r1,499.91625,12,steady,14400000,1200000,535.539085,vulkan,14.033664,49.420717,226.668705,111.522338,7.858345,49.953624,0.986382,75.094887,45.76644,15.5157
nvidia-pilot,gpu-heavy-500-fast-gpu-r1,499.91625,13,steady,15600000,1200000,540.371811,vulkan,14.502202,56.397806,223.339155,113.421267,7.956413,48.668458,1.180303,74.905533,86.9557,15.977883
nvidia-pilot,gpu-heavy-500-fast-gpu-r1,499.91625,14,steady,16800000,1200000,533.484469,vulkan,14.334866,51.725011,222.476512,111.937461,7.801185,48.95553,1.230213,75.023288,51.846789,15.642835
nvidia-pilot,gpu-heavy-500-fast-gpu-r1,499.91625,15,steady,18000000,1200000,550.978345,vulkan,14.079947,49.549756,243.782357,111.227233,7.973758,48.526048,1.310643,74.527953,45.580869,15.512346
nvidia-pilot,gpu-heavy-500-fast-gpu-r1,499.91625,16,steady,19200000,1200000,556.613593,vulkan,14.338913,51.906191,240.487209,114.583856,7.739161,49.77405,1.415213,76.368526,45.842722,15.869767
nvidia-pilot,gpu-heavy-500-fast-gpu-r1,499.91625,17,steady,20400000,1200000,521.529134,vulkan,14.196981,52.846557,210.16598,111.075625,8.01044,48.244036,1.704215,75.284758,45.828361,15.580431
nvidia-pilot,gpu-heavy-500-fast-gpu-r1,499.91625,18,steady,21600000,1200000,606.366312,vulkan,14.395573,59.794375,288.681481,110.485694,7.811977,48.795165,1.611861,74.789631,77.075106,15.464437
nvidia-pilot,gpu-heavy-500-fast-gpu-r1,499.91625,19,steady,22800000,1200000,545.764207,vulkan,15.555447,53.834602,237.930863,104.022045,7.855953,49.479664,1.776112,75.308801,48.788582,15.627925
nvidia-pilot,gpu-heavy-500-upstream-cpu-r1,499.91625,0,cold,0,1200000,673.495351,cpu,30.003037,61.121827,229.585132,207.164606,0.000953,60.00956,0.128093,85.48136,83.363998,2.727228
nvidia-pilot,gpu-heavy-500-upstream-cpu-r1,499.91625,1,warmup,1200000,1200000,584.594267,cpu,15.466228,56.230049,193.892054,182.267918,0.000894,57.593337,0.132763,79.010461,53.621272,2.718378
nvidia-pilot,gpu-heavy-500-upstream-cpu-r1,499.91625,2,warmup,2400000,1200000,597.572841,cpu,12.446459,53.739886,204.166924,182.711335,0.001821,62.382625,0.20874,81.914513,46.662581,2.829624
nvidia-pilot,gpu-heavy-500-upstream-cpu-r1,499.91625,3,steady,3600000,1200000,636.979976,cpu,13.013656,53.937902,213.10198,220.01814,0.000969,57.54797,0.265614,79.09281,49.556423,2.712573
nvidia-pilot,gpu-heavy-500-upstream-cpu-r1,499.91625,4,steady,4800000,1200000,573.242946,cpu,12.365196,49.053468,189.76308,177.679744,0.000924,63.227072,0.336264,80.816743,46.133899,2.739255
nvidia-pilot,gpu-heavy-500-upstream-cpu-r1,499.91625,5,steady,6000000,1200000,618.280171,cpu,12.39674,52.37729,241.475717,174.471718,0.001111,57.726062,0.432214,79.398839,45.858961,2.860286
nvidia-pilot,gpu-heavy-500-upstream-cpu-r1,499.91625,6,steady,7200000,1200000,645.416968,cpu,12.513904,49.979433,235.858195,200.590084,0.002092,58.290629,0.505854,87.67629,45.393521,2.711395
nvidia-pilot,gpu-heavy-500-upstream-cpu-r1,499.91625,7,steady,8400000,1200000,632.665268,cpu,12.498795,50.920015,205.963506,225.704083,0.000916,57.730833,0.553754,79.292869,45.578863,2.742723
nvidia-pilot,gpu-heavy-500-upstream-cpu-r1,499.91625,8,steady,9600000,1200000,562.592368,cpu,12.368663,50.1247,174.877761,186.628029,0.001045,58.095971,0.619783,79.875993,46.092482,3.059132
nvidia-pilot,gpu-heavy-500-upstream-cpu-r1,499.91625,9,steady,10800000,1200000,644.345594,cpu,13.48667,59.045674,241.527731,192.661148,0.000996,57.571054,0.695625,79.356053,121.870679,2.737769
nvidia-pilot,gpu-heavy-500-upstream-cpu-r1,499.91625,10,steady,12000000,1200000,605.621973,cpu,12.441998,49.593481,184.409774,189.509667,0.001724,77.734784,0.858449,91.07163,47.545405,2.898452
nvidia-pilot,gpu-heavy-500-upstream-cpu-r1,499.91625,11,steady,13200000,1200000,557.603825,cpu,12.521211,56.101425,181.259488,168.605985,0.001342,58.565468,0.872793,79.675468,47.117102,2.799529
nvidia-pilot,gpu-heavy-500-upstream-cpu-r1,499.91625,12,steady,14400000,1200000,651.098233,cpu,12.803482,50.189737,233.928332,216.32814,0.001406,57.770141,0.966273,79.110294,56.941874,2.785038
nvidia-pilot,gpu-heavy-500-upstream-cpu-r1,499.91625,13,steady,15600000,1200000,661.052859,cpu,15.546533,61.532103,237.488466,189.43153,0.001451,62.4036,1.642981,93.005878,74.50204,2.878566
nvidia-pilot,gpu-heavy-500-upstream-cpu-r1,499.91625,14,steady,16800000,1200000,572.117592,cpu,12.480063,51.940627,192.079497,172.788008,0.001342,58.702221,1.272825,82.852501,55.489356,2.749802
nvidia-pilot,gpu-heavy-500-upstream-cpu-r1,499.91625,15,steady,18000000,1200000,626.926279,cpu,12.488926,48.97693,238.140513,188.303721,0.002157,58.600603,1.277831,79.135248,47.468181,2.821643
nvidia-pilot,gpu-heavy-500-upstream-cpu-r1,499.91625,16,steady,19200000,1200000,621.044566,cpu,12.590908,53.090781,191.442821,223.787754,0.001769,58.827254,1.447899,79.855159,49.34846,2.88992
nvidia-pilot,gpu-heavy-500-upstream-cpu-r1,499.91625,17,steady,20400000,1200000,650.36233,cpu,12.632391,53.163648,227.224405,212.191428,0.001416,58.172714,1.513225,85.46268,47.780699,3.979863
nvidia-pilot,gpu-heavy-500-upstream-cpu-r1,499.91625,18,steady,21600000,1200000,618.310179,cpu,21.55498,54.388363,205.23479,194.975542,0.001939,59.055149,1.610616,81.487982,76.861955,2.747777
nvidia-pilot,gpu-heavy-500-upstream-cpu-r1,499.91625,19,steady,22800000,1200000,551.107412,cpu,12.743335,51.809878,184.736406,161.90751,0.00095,58.5016,1.75874,79.648664,48.268652,2.746813
nvidia-pilot,standard-200-fast-auto-r1,199.95625,0,gpu_qualification,0,480000,321.045381,cpu,12.283615,22.985429,103.183884,147.132785,2.063551,13.012772,0.049517,20.333135,33.682074,3.114808
nvidia-pilot,standard-200-fast-auto-r1,199.95625,1,gpu_qualification,480000,480000,263.321554,cpu,5.809117,20.199035,100.361457,101.323624,2.030178,13.172184,0.056824,20.368693,18.360487,3.082508
nvidia-pilot,standard-200-fast-auto-r1,199.95625,2,gpu_qualification,960000,480000,258.124434,cpu,5.633298,15.358971,88.819564,109.4647,2.086613,14.679946,0.080212,22.000791,18.559414,3.09053
nvidia-pilot,standard-200-fast-auto-r1,199.95625,3,steady,1440000,480000,200.787746,vulkan,5.701711,16.971854,114.204358,28.21531,2.120268,13.237388,0.083147,20.253238,18.850843,4.163192
nvidia-pilot,standard-200-fast-auto-r1,199.95625,4,steady,1920000,480000,174.232697,vulkan,5.689589,19.364365,92.693329,20.515929,2.265136,13.204455,0.086029,20.413212,18.125934,4.189469
nvidia-pilot,standard-200-fast-auto-r1,199.95625,5,steady,2400000,480000,188.111506,vulkan,8.050603,19.255921,104.43839,21.041502,2.099396,12.878081,0.1121,20.234852,18.826695,4.233028
nvidia-pilot,standard-200-fast-auto-r1,199.95625,6,steady,2880000,480000,176.280964,vulkan,6.897867,17.472078,95.66313,20.382584,2.106395,13.32814,0.14308,20.2873,21.348794,4.291158
nvidia-pilot,standard-200-fast-auto-r1,199.95625,7,steady,3360000,480000,170.276975,vulkan,6.993697,16.655524,91.003104,20.040714,2.075122,13.037532,0.13227,20.338623,21.478114,4.142528
nvidia-pilot,standard-200-fast-auto-r1,199.95625,8,steady,3840000,480000,167.159685,vulkan,5.698461,16.633125,88.675853,20.394455,2.07067,13.042972,0.169597,20.474022,18.436802,4.293285
nvidia-pilot,standard-200-fast-auto-r1,199.95625,9,steady,4320000,480000,176.126097,vulkan,5.722236,17.617399,90.391941,24.409603,2.159931,14.58602,0.205361,21.032973,20.847068,4.324135
nvidia-pilot,standard-200-fast-auto-r1,199.95625,10,steady,4800000,480000,187.356028,vulkan,6.050284,17.473755,98.959621,26.885971,3.257178,14.258143,0.217721,20.252689,19.934162,4.155609
nvidia-pilot,standard-200-fast-auto-r1,199.95625,11,steady,5280000,480000,168.554252,vulkan,5.865367,18.368286,87.539393,20.364154,2.096829,13.527497,0.245591,20.546727,18.360525,4.320354
nvidia-pilot,standard-200-fast-auto-r1,199.95625,12,steady,5760000,480000,192.046981,vulkan,5.742867,17.723404,108.398629,24.676719,2.093428,13.007681,0.255021,20.148889,18.568388,4.151514
nvidia-pilot,standard-200-fast-auto-r1,199.95625,13,steady,6240000,480000,169.772706,vulkan,5.838321,15.764038,86.746428,25.761798,2.092122,13.117689,0.295104,20.156553,18.37586,4.147269
nvidia-pilot,standard-200-fast-auto-r1,199.95625,14,steady,6720000,480000,180.997157,vulkan,5.70246,17.630065,94.818635,25.991266,2.064392,14.106995,0.339792,20.34316,18.273458,4.175899
nvidia-pilot,standard-200-fast-auto-r1,199.95625,15,steady,7200000,480000,179.841262,vulkan,5.733104,16.401005,97.517973,24.30732,2.105646,13.02698,0.354586,20.394165,18.139582,4.173422
nvidia-pilot,standard-200-fast-auto-r1,199.95625,16,steady,7680000,480000,207.441751,vulkan,5.888653,19.975646,112.10633,33.578222,2.072489,13.171114,0.394318,20.254394,18.900159,4.164459
nvidia-pilot,standard-200-fast-auto-r1,199.95625,17,steady,8160000,480000,195.328344,vulkan,5.703007,17.661174,102.555599,33.224312,2.083188,13.276393,0.431559,20.392684,21.069467,4.160143
nvidia-pilot,standard-200-fast-auto-r1,199.95625,18,steady,8640000,480000,200.303539,vulkan,5.687161,16.10247,107.266836,35.320351,2.086527,13.101663,0.470479,20.267488,18.167754,4.168501
nvidia-pilot,standard-200-fast-auto-r1,199.95625,19,steady,9120000,480000,188.235258,vulkan,5.840553,15.579186,92.852145,35.277892,2.283504,15.332603,0.497042,20.571991,18.457327,4.313561
nvidia-pilot,standard-200-fast-cpu-r1,199.95625,0,cold,0,480000,269.215728,cpu,11.789994,19.914286,91.363573,110.427159,2.39434,13.116321,0.049834,20.159418,38.504042,3.095546
nvidia-pilot,standard-200-fast-cpu-r1,199.95625,1,warmup,480000,480000,272.380678,cpu,5.74439,21.941654,98.186298,110.838312,2.038644,13.370654,0.060595,20.199853,18.077231,3.133401
nvidia-pilot,standard-200-fast-cpu-r1,199.95625,2,warmup,960000,480000,246.154215,cpu,5.667674,15.372275,92.1933,97.167749,2.199597,13.175305,0.061385,20.316615,17.912301,3.209689
nvidia-pilot,standard-200-fast-cpu-r1,199.95625,3,steady,1440000,480000,257.232968,cpu,5.7285,17.422882,95.885783,102.805187,2.08757,12.914787,0.075574,20.311964,19.000921,3.080845
nvidia-pilot,standard-200-fast-cpu-r1,199.95625,4,steady,1920000,480000,245.850781,cpu,5.674337,17.347999,95.646322,91.581385,2.054146,13.117788,0.082692,20.34561,18.118762,3.110696
nvidia-pilot,standard-200-fast-cpu-r1,199.95625,5,steady,2400000,480000,266.660028,cpu,6.011919,17.743254,104.60758,102.850161,2.040404,13.046131,0.105332,20.254581,18.83762,3.222648
nvidia-pilot,standard-200-fast-cpu-r1,199.95625,6,steady,2880000,480000,261.453911,cpu,5.837842,16.410303,102.310447,101.299154,2.121255,13.085923,0.134992,20.253321,18.689585,3.121267
nvidia-pilot,standard-200-fast-cpu-r1,199.95625,7,steady,3360000,480000,266.519958,cpu,6.214225,15.068178,114.109133,95.701812,2.073505,12.950232,0.136768,20.265361,19.081241,3.099161
nvidia-pilot,standard-200-fast-cpu-r1,199.95625,8,steady,3840000,480000,231.843846,cpu,5.665244,15.827441,85.700985,89.272776,2.03579,13.001385,0.1705,20.169478,18.152441,3.153274
nvidia-pilot,standard-200-fast-cpu-r1,199.95625,9,steady,4320000,480000,275.579277,cpu,5.635774,17.522257,110.746295,105.241324,2.082633,13.150857,0.189447,21.010376,18.294541,3.117201
nvidia-pilot,standard-200-fast-cpu-r1,199.95625,10,steady,4800000,480000,258.812048,cpu,5.614629,15.973551,97.192771,104.150484,2.073487,13.163506,0.244608,20.398397,18.713691,3.112961
nvidia-pilot,standard-200-fast-cpu-r1,199.95625,11,steady,5280000,480000,257.755901,cpu,5.652751,16.05142,108.915485,91.242569,2.067481,13.055131,0.222954,20.547739,18.351402,3.063567
nvidia-pilot,standard-200-fast-cpu-r1,199.95625,12,steady,5760000,480000,257.189366,cpu,5.671932,18.437447,91.671649,105.822445,2.053637,13.011097,0.245972,20.274581,18.108599,3.08339
nvidia-pilot,standard-200-fast-cpu-r1,199.95625,13,steady,6240000,480000,241.112352,cpu,5.852712,18.555359,94.203306,87.171143,2.05168,12.898268,0.276658,20.102848,18.449824,3.091572
nvidia-pilot,standard-200-fast-cpu-r1,199.95625,14,steady,6720000,480000,224.398737,cpu,5.8616,15.416518,79.412952,87.131411,2.106165,13.05543,0.354518,21.059543,18.992291,3.080286
nvidia-pilot,standard-200-fast-cpu-r1,199.95625,15,steady,7200000,480000,266.747053,cpu,5.787643,16.194374,96.715548,112.599675,2.05545,12.861882,0.368678,20.163332,18.243838,3.124127
nvidia-pilot,standard-200-fast-cpu-r1,199.95625,16,steady,7680000,480000,246.519359,cpu,5.654505,16.257239,91.796394,96.645984,2.057097,13.177154,0.438066,20.492558,18.487659,3.079098
nvidia-pilot,standard-200-fast-cpu-r1,199.95625,17,steady,8160000,480000,243.790924,cpu,5.74818,15.744311,89.906647,96.157064,2.103167,13.010172,0.466582,20.654199,18.210839,3.043967
nvidia-pilot,standard-200-fast-cpu-r1,199.95625,18,steady,8640000,480000,261.569516,cpu,5.89857,15.448348,98.61818,105.954656,2.070655,12.995377,0.467868,20.115057,18.08996,3.088481
nvidia-pilot,standard-200-fast-cpu-r1,199.95625,19,steady,9120000,480000,279.851493,cpu,5.713018,16.657681,117.5849,104.038644,2.051053,12.995516,0.498683,20.311493,18.928865,3.153046
nvidia-pilot,standard-200-fast-gpu-r1,199.95625,0,gpu_qualification,0,480000,258.383615,cpu,11.718011,19.703612,79.25967,110.718931,2.07706,13.723099,0.04492,21.137781,33.058366,3.092494
nvidia-pilot,standard-200-fast-gpu-r1,199.95625,1,gpu_qualification,480000,480000,248.744736,cpu,5.730756,20.564589,85.745657,100.983563,2.128584,13.156572,0.058923,20.375717,18.32774,3.23314
nvidia-pilot,standard-200-fast-gpu-r1,199.95625,2,gpu_qualification,960000,480000,259.198989,cpu,5.757057,16.289032,85.775532,115.92163,2.079595,13.074905,0.06274,20.238174,18.488444,3.159058
nvidia-pilot,standard-200-fast-gpu-r1,199.95625,3,steady,1440000,480000,181.626848,vulkan,5.621505,15.392899,99.430478,22.575637,2.454593,13.471316,0.080191,22.599798,18.300174,6.204647
nvidia-pilot,standard-200-fast-gpu-r1,199.95625,4,steady,1920000,480000,153.928533,vulkan,7.053699,16.450521,66.216479,25.506266,3.062675,15.273519,0.083557,20.281593,25.499029,4.348113
nvidia-pilot,standard-200-fast-gpu-r1,199.95625,5,steady,2400000,480000,144.204969,vulkan,5.674735,15.981144,66.19222,20.969342,2.086086,12.978642,0.103306,20.218906,18.285864,4.241579
nvidia-pilot,standard-200-fast-gpu-r1,199.95625,6,steady,2880000,480000,142.702367,vulkan,5.636783,15.693692,64.894119,20.764586,2.097965,13.254118,0.127699,20.232973,18.573419,4.257599
nvidia-pilot,standard-200-fast-gpu-r1,199.95625,7,steady,3360000,480000,167.384993,vulkan,5.838076,15.75775,87.237617,22.101727,2.20011,13.310272,0.137234,20.801755,18.29607,4.307667
nvidia-pilot,standard-200-fast-gpu-r1,199.95625,8,steady,3840000,480000,187.486367,vulkan,5.73012,17.778633,95.212866,21.456417,2.791429,18.915856,0.244258,25.356342,18.634913,5.443031
nvidia-pilot,standard-200-fast-gpu-r1,199.95625,9,steady,4320000,480000,172.466037,vulkan,5.726266,20.291264,90.32279,20.400141,2.048806,13.223139,0.197249,20.255935,20.437893,4.163935
nvidia-pilot,standard-200-fast-gpu-r1,199.95625,10,steady,4800000,480000,169.744458,vulkan,5.698426,18.105188,84.023928,22.075221,2.851323,14.453844,0.211627,22.32439,18.5829,4.654873
nvidia-pilot,standard-200-fast-gpu-r1,199.95625,11,steady,5280000,480000,173.905522,vulkan,5.741103,16.484524,93.563274,21.822426,2.083839,13.520218,0.224466,20.465032,18.456681,4.266259
nvidia-pilot,standard-200-fast-gpu-r1,199.95625,12,steady,5760000,480000,171.687377,vulkan,5.68812,17.803327,87.408011,24.660482,2.135884,13.336353,0.25685,20.397848,18.119565,4.207318
nvidia-pilot,standard-200-fast-gpu-r1,199.95625,13,steady,6240000,480000,157.232611,vulkan,5.966523,15.968732,79.040358,20.006483,2.101563,13.40967,0.297801,20.440922,18.626561,4.16232
nvidia-pilot,standard-200-fast-gpu-r1,199.95625,14,steady,6720000,480000,172.740511,vulkan,5.665222,16.19529,94.124117,20.254078,2.085525,13.432746,0.339349,20.643768,18.227051,4.368154
nvidia-pilot,standard-200-fast-gpu-r1,199.95625,15,steady,7200000,480000,179.16003,vulkan,5.770628,15.968741,95.885184,24.769196,2.179842,13.326671,0.381939,20.877364,18.692439,4.268644
nvidia-pilot,standard-200-fast-gpu-r1,199.95625,16,steady,7680000,480000,176.579456,vulkan,6.993102,15.937203,92.042512,25.477131,2.1102,13.345144,0.388056,20.285671,18.797798,4.207634
nvidia-pilot,standard-200-fast-gpu-r1,199.95625,17,steady,8160000,480000,185.58334,vulkan,5.690599,15.55098,93.663584,29.771565,3.256492,16.69736,0.448832,20.50349,18.019517,4.290319
nvidia-pilot,standard-200-fast-gpu-r1,199.95625,18,steady,8640000,480000,191.156048,vulkan,5.691483,17.965281,106.674681,25.104899,2.047264,12.987017,0.463471,20.221554,19.999565,4.131976
nvidia-pilot,standard-200-fast-gpu-r1,199.95625,19,steady,9120000,480000,165.969778,vulkan,5.694668,15.424279,83.048701,25.665865,2.041803,13.39993,0.487353,20.20664,18.134592,4.243231
nvidia-pilot,standard-200-upstream-cpu-r1,199.95625,0,cold,0,480000,274.864407,cpu,13.690767,27.002456,104.401147,92.512798,0.001881,15.66253,0.050203,21.54187,33.262512,0.767551
nvidia-pilot,standard-200-upstream-cpu-r1,199.95625,1,warmup,480000,480000,286.837139,cpu,5.029987,24.665043,117.269063,102.260743,0.001222,15.969868,0.05433,21.586056,18.590791,0.733558
nvidia-pilot,standard-200-upstream-cpu-r1,199.95625,2,warmup,960000,480000,239.864256,cpu,5.275114,17.061547,86.035292,94.261983,0.001282,15.555541,0.05992,21.612669,18.30736,0.777901
nvidia-pilot,standard-200-upstream-cpu-r1,199.95625,3,steady,1440000,480000,302.674114,cpu,5.012122,15.898195,91.62546,152.616518,0.001735,15.580506,0.081449,21.85684,18.788972,0.798831
nvidia-pilot,standard-200-upstream-cpu-r1,199.95625,4,steady,1920000,480000,257.982711,cpu,5.211758,24.09409,105.557056,85.9038,0.001572,15.581006,0.077824,21.554374,18.728673,0.788291
nvidia-pilot,standard-200-upstream-cpu-r1,199.95625,5,steady,2400000,480000,271.068116,cpu,5.686428,17.241375,111.632805,99.550125,0.001136,15.359532,0.09581,21.499607,18.690237,0.74966
nvidia-pilot,standard-200-upstream-cpu-r1,199.95625,6,steady,2880000,480000,243.719425,cpu,5.052259,17.324202,92.088764,91.011764,0.000973,15.987265,0.130262,22.122647,18.780239,0.785803
nvidia-pilot,standard-200-upstream-cpu-r1,199.95625,7,steady,3360000,480000,265.326166,cpu,5.247586,16.497471,108.260463,97.607206,0.001334,15.549354,0.128739,22.032767,18.869448,0.761675
nvidia-pilot,standard-200-upstream-cpu-r1,199.95625,8,steady,3840000,480000,231.037029,cpu,5.080928,15.608413,88.12045,84.765971,0.00111,15.612189,0.179814,21.667064,18.432053,0.770943
nvidia-pilot,standard-200-upstream-cpu-r1,199.95625,9,steady,4320000,480000,245.488143,cpu,5.003528,15.032696,91.159984,97.306937,0.00127,15.368257,0.188345,21.426313,18.592465,0.749724
nvidia-pilot,standard-200-upstream-cpu-r1,199.95625,10,steady,4800000,480000,264.215603,cpu,5.156517,16.554424,101.462887,103.628097,0.001207,15.540738,0.211779,21.658759,18.639183,0.767617
nvidia-pilot,standard-200-upstream-cpu-r1,199.95625,11,steady,5280000,480000,273.060742,cpu,5.152637,17.059026,103.69961,109.677912,0.001536,15.557392,0.221407,21.690373,18.345325,0.795024
nvidia-pilot,standard-200-upstream-cpu-r1,199.95625,12,steady,5760000,480000,270.220352,cpu,5.426729,16.001328,94.537042,117.063119,0.001634,15.457627,0.264241,21.467468,18.321316,0.73714
nvidia-pilot,standard-200-upstream-cpu-r1,199.95625,13,steady,6240000,480000,281.527563,cpu,5.011935,19.484026,95.297369,123.629663,0.001348,15.790064,0.30376,22.008539,18.477857,0.904225
nvidia-pilot,standard-200-upstream-cpu-r1,199.95625,14,steady,6720000,480000,254.343403,cpu,4.98043,19.053698,99.094198,93.805813,0.001278,15.564189,0.345268,21.497917,18.706515,0.756144
nvidia-pilot,standard-200-upstream-cpu-r1,199.95625,15,steady,7200000,480000,254.319543,cpu,5.022915,17.401544,92.115556,102.679549,0.001041,15.341311,0.367741,21.389176,18.376938,0.758606
nvidia-pilot,standard-200-upstream-cpu-r1,199.95625,16,steady,7680000,480000,236.365343,cpu,4.983656,15.36471,92.377122,85.809856,0.001139,15.694934,0.393707,21.73905,18.609172,0.776464
nvidia-pilot,standard-200-upstream-cpu-r1,199.95625,17,steady,8160000,480000,247.905549,cpu,5.029453,16.816533,87.103485,101.320697,0.001591,15.538929,0.418109,21.675458,18.083271,0.783023
nvidia-pilot,standard-200-upstream-cpu-r1,199.95625,18,steady,8640000,480000,244.880228,cpu,5.030355,15.980906,82.941704,102.924435,0.001345,15.656287,0.454722,21.889734,18.470912,0.773449
nvidia-pilot,standard-200-upstream-cpu-r1,199.95625,19,steady,9120000,480000,236.380978,cpu,5.011514,17.691732,92.198917,83.75007,0.00132,15.400901,0.466072,21.859469,18.330144,0.752353
nvidia-pilot,wide-200-fast-auto-r1,199.807916667,0,gpu_qualification,0,480000,424.125287,cpu,12.206893,18.964771,91.809749,194.267258,6.179841,38.80493,0.076434,61.815028,32.985606,10.009568
nvidia-pilot,wide-200-fast-auto-r1,199.807916667,1,gpu_qualification,480000,480000,344.451779,cpu,5.720527,23.089235,77.528815,129.204446,6.195197,38.947667,0.102961,63.662246,18.068727,9.156088
nvidia-pilot,wide-200-fast-auto-r1,199.807916667,2,gpu_qualification,960000,480000,336.104026,cpu,5.703096,15.911823,71.394088,138.151424,6.239424,39.141718,0.14385,59.418189,18.151594,9.309856
nvidia-pilot,wide-200-fast-auto-r1,199.807916667,3,steady,1440000,480000,230.968293,vulkan,5.657257,15.7166,64.738137,35.412164,7.824605,39.168889,0.193157,62.256729,18.396339,15.726853
nvidia-pilot,wide-200-fast-auto-r1,199.807916667,4,steady,1920000,480000,257.425108,vulkan,7.448954,21.828443,92.439774,30.999734,6.294784,38.574795,0.226714,59.611325,23.857038,12.649057
nvidia-pilot,wide-200-fast-auto-r1,199.807916667,5,steady,2400000,480000,230.627996,vulkan,5.703152,15.985008,66.734339,30.23579,8.598385,42.704615,0.269507,60.396942,18.205151,12.461731
nvidia-pilot,wide-200-fast-auto-r1,199.807916667,6,steady,2880000,480000,253.623737,vulkan,5.666157,16.532215,96.885671,29.171474,6.426704,39.011463,0.295393,59.634074,18.648456,12.484924
nvidia-pilot,wide-200-fast-auto-r1,199.807916667,7,steady,3360000,480000,232.716164,vulkan,5.656457,15.924958,76.317538,29.542862,6.301873,38.970507,0.3512,59.650519,18.333566,12.46331
nvidia-pilot,wide-200-fast-auto-r1,199.807916667,8,steady,3840000,480000,229.801635,vulkan,5.772691,16.069697,70.121345,30.015328,7.706759,40.03422,0.448594,59.632468,18.149288,12.430674
nvidia-pilot,wide-200-fast-auto-r1,199.807916667,9,steady,4320000,480000,236.157485,vulkan,5.650392,15.821574,71.569992,36.868484,7.01172,38.871694,0.493624,59.869743,18.249095,12.766346
nvidia-pilot,wide-200-fast-auto-r1,199.807916667,10,steady,4800000,480000,273.490993,vulkan,6.895869,16.335475,90.599958,44.789218,9.602849,44.533682,0.507479,60.226111,21.573985,12.65625
nvidia-pilot,wide-200-fast-auto-r1,199.807916667,11,steady,5280000,480000,263.093933,vulkan,5.682348,15.619233,83.934703,34.587168,6.160253,40.081895,0.561829,76.466158,18.222965,12.624758
nvidia-pilot,wide-200-fast-auto-r1,199.807916667,12,steady,5760000,480000,231.466604,vulkan,5.695503,16.330481,69.433781,34.129151,6.349222,39.160223,0.650875,59.71692,17.995641,12.499766
nvidia-pilot,wide-200-fast-auto-r1,199.807916667,13,steady,6240000,480000,257.498993,vulkan,5.654062,15.722004,91.761502,34.550488,6.183967,40.075368,0.744388,62.806874,18.308371,12.527055
nvidia-pilot,wide-200-fast-auto-r1,199.807916667,14,steady,6720000,480000,267.486507,vulkan,6.103087,19.262676,92.362521,43.15382,6.243752,39.228436,0.813217,60.318357,18.656407,12.464855
nvidia-pilot,wide-200-fast-auto-r1,199.807916667,15,steady,7200000,480000,258.549418,vulkan,5.735076,16.252559,87.393253,41.634313,6.401047,40.057925,0.904667,60.169817,17.968254,12.985079
nvidia-pilot,wide-200-fast-auto-r1,199.807916667,16,steady,7680000,480000,252.067253,vulkan,5.775532,16.744509,76.459067,41.041617,6.33406,44.429485,0.992569,60.289697,19.040301,12.546516
nvidia-pilot,wide-200-fast-auto-r1,199.807916667,17,steady,8160000,480000,250.276995,vulkan,5.693653,15.92145,67.85165,48.90006,8.665058,42.110784,1.03156,60.101981,17.999319,15.003208
nvidia-pilot,wide-200-fast-auto-r1,199.807916667,18,steady,8640000,480000,279.286549,vulkan,6.335459,17.591383,85.172225,49.975711,8.352558,41.210343,1.097902,69.550406,18.43683,14.1902
nvidia-pilot,wide-200-fast-auto-r1,199.807916667,19,steady,9120000,480000,251.367838,vulkan,6.852836,16.594903,69.44223,49.160724,8.119926,39.480663,1.302933,60.413203,21.552682,12.509406
nvidia-pilot,wide-200-fast-cpu-r1,199.807916667,0,cold,0,480000,312.98593,cpu,12.114727,20.176559,64.925681,109.949504,6.226384,39.368333,0.081481,60.142581,34.20461,9.210531
nvidia-pilot,wide-200-fast-cpu-r1,199.807916667,1,warmup,480000,480000,341.37699,cpu,5.857192,16.638942,89.393875,123.683148,6.212175,39.67959,0.108933,59.802628,18.319511,9.154844
nvidia-pilot,wide-200-fast-cpu-r1,199.807916667,2,warmup,960000,480000,320.402091,cpu,5.613442,15.794063,79.329951,114.194299,6.307887,38.774031,0.142313,60.245726,18.016779,9.251064
nvidia-pilot,wide-200-fast-cpu-r1,199.807916667,3,steady,1440000,480000,307.164805,cpu,5.632428,16.510303,71.415558,108.495814,6.17382,38.988332,0.182245,59.765911,18.420879,9.287083
nvidia-pilot,wide-200-fast-cpu-r1,199.807916667,4,steady,1920000,480000,333.190746,cpu,5.841868,17.382273,66.315289,123.2958,6.489907,39.693651,0.214946,73.956729,18.057735,10.58687
nvidia-pilot,wide-200-fast-cpu-r1,199.807916667,5,steady,2400000,480000,344.429285,cpu,5.660443,16.944985,85.073221,125.936137,6.173284,39.997002,0.29495,64.348879,18.143178,9.287056
nvidia-pilot,wide-200-fast-cpu-r1,199.807916667,6,steady,2880000,480000,387.879418,cpu,6.837414,16.328407,81.694801,175.498533,6.168649,39.2709,0.30316,61.777155,20.524792,9.213301
nvidia-pilot,wide-200-fast-cpu-r1,199.807916667,7,steady,3360000,480000,368.072964,cpu,5.667281,16.671724,85.226906,152.293502,6.500895,39.645189,0.33758,61.729534,18.185102,10.106595
nvidia-pilot,wide-200-fast-cpu-r1,199.807916667,8,steady,3840000,480000,393.204327,cpu,5.673528,16.29232,93.128942,171.578805,6.24373,39.113243,0.441002,60.732276,18.551701,12.883541
nvidia-pilot,wide-200-fast-cpu-r1,199.807916667,9,steady,4320000,480000,348.8003,cpu,5.635984,15.944287,88.887853,126.433963,6.175187,39.245775,0.480448,65.996202,18.85311,9.495286
nvidia-pilot,wide-200-fast-cpu-r1,199.807916667,10,steady,4800000,480000,323.827528,cpu,6.821805,15.807056,83.440585,111.704485,6.196219,39.726958,0.498673,59.631304,21.772281,9.187621
nvidia-pilot,wide-200-fast-cpu-r1,199.807916667,11,steady,5280000,480000,326.577187,cpu,5.701391,14.740119,67.503233,127.71765,6.233898,39.337144,0.530453,64.812904,17.913169,9.54425
nvidia-pilot,wide-200-fast-cpu-r1,199.807916667,12,steady,5760000,480000,321.437145,cpu,5.66874,15.834794,65.948137,128.347259,6.193286,38.732219,0.649639,60.062606,20.969251,9.248982
nvidia-pilot,wide-200-fast-cpu-r1,199.807916667,13,steady,6240000,480000,359.360948,cpu,5.658128,16.057057,93.405566,138.482712,6.137987,39.024591,0.726437,59.867928,18.307666,9.224204
nvidia-pilot,wide-200-fast-cpu-r1,199.807916667,14,steady,6720000,480000,320.571609,cpu,5.673235,15.656615,66.599914,125.898238,6.176301,39.126933,0.793838,60.645816,17.862852,9.339935
nvidia-pilot,wide-200-fast-cpu-r1,199.807916667,15,steady,7200000,480000,341.974326,cpu,5.69146,15.897389,91.985119,120.377303,6.194807,40.307087,0.920403,60.600344,18.211973,9.426106
nvidia-pilot,wide-200-fast-cpu-r1,199.807916667,16,steady,7680000,480000,303.857739,cpu,6.836282,15.633955,68.451813,106.275984,6.143698,39.094621,0.954522,60.466313,18.448899,9.706469
nvidia-pilot,wide-200-fast-cpu-r1,199.807916667,17,steady,8160000,480000,331.003397,cpu,6.928632,17.608757,74.212489,124.962233,6.203687,39.180042,1.015495,60.891821,21.26933,9.585951
nvidia-pilot,wide-200-fast-cpu-r1,199.807916667,18,steady,8640000,480000,352.350799,cpu,6.915781,16.499181,89.236311,132.019062,6.24934,40.357317,1.125973,59.947208,21.860156,9.17429
nvidia-pilot,wide-200-fast-cpu-r1,199.807916667,19,steady,9120000,480000,320.286225,cpu,5.624767,16.292198,75.615803,111.872988,6.222706,39.137514,1.287468,64.232522,17.962074,9.265133
nvidia-pilot,wide-200-fast-gpu-r1,199.807916667,0,gpu_qualification,0,480000,369.205903,cpu,11.2954,18.496366,72.867924,155.982331,6.28942,41.596362,0.077528,62.600108,34.971725,9.243428
nvidia-pilot,wide-200-fast-gpu-r1,199.807916667,1,gpu_qualification,480000,480000,368.470056,cpu,5.793629,20.309261,80.261979,154.743518,6.289882,39.833449,0.106011,61.131844,18.256398,9.143838
nvidia-pilot,wide-200-fast-gpu-r1,199.807916667,2,gpu_qualification,960000,480000,397.73178,cpu,5.871993,16.054384,78.372752,192.712637,6.227462,39.011379,0.141131,59.339519,18.138358,9.262786
nvidia-pilot,wide-200-fast-gpu-r1,199.807916667,3,steady,1440000,480000,240.743447,vulkan,5.616755,17.321016,78.435325,32.963928,6.344657,39.903316,0.192171,59.965908,18.317085,12.486031
nvidia-pilot,wide-200-fast-gpu-r1,199.807916667,4,steady,1920000,480000,247.447016,vulkan,5.666052,15.757166,83.65001,37.674674,6.224568,38.683905,0.212232,59.578112,17.949448,12.574425
nvidia-pilot,wide-200-fast-gpu-r1,199.807916667,5,steady,2400000,480000,249.446862,vulkan,5.626874,16.069205,65.608683,44.850627,9.403462,48.184451,0.274015,59.429093,18.124447,12.503606
nvidia-pilot,wide-200-fast-gpu-r1,199.807916667,6,steady,2880000,480000,230.316665,vulkan,5.644695,16.291135,67.274173,35.672123,6.340284,39.099512,0.289975,59.70436,18.519437,12.483253
nvidia-pilot,wide-200-fast-gpu-r1,199.807916667,7,steady,3360000,480000,255.663539,vulkan,5.69025,16.709505,93.733658,32.912174,6.295223,39.728454,0.372736,60.221161,18.24015,12.47233
nvidia-pilot,wide-200-fast-gpu-r1,199.807916667,8,steady,3840000,480000,258.563657,vulkan,5.81275,16.904014,96.556556,33.388223,6.303516,39.255527,0.424761,59.917877,18.192562,12.480796
nvidia-pilot,wide-200-fast-gpu-r1,199.807916667,9,steady,4320000,480000,255.242568,vulkan,5.695278,16.119913,89.335271,38.447668,6.364727,39.11756,0.474729,59.686992,18.265913,12.418767
nvidia-pilot,wide-200-fast-gpu-r1,199.807916667,10,steady,4800000,480000,246.911009,vulkan,5.641944,16.087655,79.541555,38.170934,8.038749,39.300071,0.513931,59.615644,18.388612,12.492916
nvidia-pilot,wide-200-fast-gpu-r1,199.807916667,11,steady,5280000,480000,250.018317,vulkan,5.717155,15.720499,71.402011,47.960869,8.624052,39.75178,0.546063,60.295471,18.003837,12.62946
nvidia-pilot,wide-200-fast-gpu-r1,199.807916667,12,steady,5760000,480000,261.570555,vulkan,5.898602,16.016301,71.708638,55.788841,8.239862,42.892306,0.649823,60.37564,17.997013,12.62944
nvidia-pilot,wide-200-fast-gpu-r1,199.807916667,13,steady,6240000,480000,263.66049,vulkan,5.701601,20.711548,84.272763,47.050865,6.254809,39.144337,0.712752,59.811451,18.744887,12.590753
nvidia-pilot,wide-200-fast-gpu-r1,199.807916667,14,steady,6720000,480000,249.537725,vulkan,5.642164,15.867715,62.793466,53.857794,9.231545,40.814509,0.878296,60.451814,18.00571,12.588244
nvidia-pilot,wide-200-fast-gpu-r1,199.807916667,15,steady,7200000,480000,288.953405,vulkan,7.563283,22.239328,89.816896,46.784315,8.988078,46.013586,0.942986,66.604618,19.654847,12.554935
nvidia-pilot,wide-200-fast-gpu-r1,199.807916667,16,steady,7680000,480000,278.530906,vulkan,5.786063,16.905765,75.973668,64.083521,6.190248,44.52657,0.970597,64.094071,18.276122,16.797482
nvidia-pilot,wide-200-fast-gpu-r1,199.807916667,17,steady,8160000,480000,268.620817,vulkan,5.668555,16.317655,87.109348,47.26311,6.312738,43.958246,1.064837,60.926091,17.829952,13.152825
nvidia-pilot,wide-200-fast-gpu-r1,199.807916667,18,steady,8640000,480000,268.278916,vulkan,5.76732,16.770289,92.946286,45.643126,6.344901,39.42122,1.12804,60.257165,18.337265,12.600009
nvidia-pilot,wide-200-fast-gpu-r1,199.807916667,19,steady,9120000,480000,257.151591,vulkan,5.686361,18.24933,77.38933,47.705428,6.808813,39.864189,1.174863,60.272777,17.975908,12.554129
nvidia-pilot,wide-200-upstream-cpu-r1,199.807916667,0,cold,0,480000,372.220538,cpu,12.375337,21.119629,89.198758,137.462672,0.001547,47.481463,0.077562,64.502274,33.756994,2.278334
nvidia-pilot,wide-200-upstream-cpu-r1,199.807916667,1,warmup,480000,480000,394.279529,cpu,5.305298,22.385194,91.193923,165.559495,0.001711,46.25346,0.104201,63.475673,18.923003,2.115002
nvidia-pilot,wide-200-upstream-cpu-r1,199.807916667,2,warmup,960000,480000,419.613355,cpu,4.994539,18.986963,116.863283,166.005557,0.001285,46.760728,0.194834,65.805803,18.249939,2.219485
nvidia-pilot,wide-200-upstream-cpu-r1,199.807916667,3,steady,1440000,480000,412.877346,cpu,4.964817,17.729199,96.471577,182.886979,0.001178,46.740778,0.185842,63.896439,18.688069,2.175409
nvidia-pilot,wide-200-upstream-cpu-r1,199.807916667,4,steady,1920000,480000,333.755849,cpu,4.96487,15.86424,82.730751,120.363945,0.000883,46.195127,0.194345,63.441322,18.297966,2.190648
nvidia-pilot,wide-200-upstream-cpu-r1,199.807916667,5,steady,2400000,480000,378.679585,cpu,4.962697,15.358643,90.964872,156.095625,0.001081,47.069826,0.241637,63.984888,18.257425,2.177309
nvidia-pilot,wide-200-upstream-cpu-r1,199.807916667,6,steady,2880000,480000,414.120026,cpu,4.954906,16.365671,89.071662,192.444659,0.000942,46.996345,0.293972,63.991564,19.725573,2.186913
nvidia-pilot,wide-200-upstream-cpu-r1,199.807916667,7,steady,3360000,480000,430.804587,cpu,5.016519,16.881399,90.518027,208.105712,0.001252,46.361946,0.33426,63.584936,18.442114,2.170691
nvidia-pilot,wide-200-upstream-cpu-r1,199.807916667,8,steady,3840000,480000,352.77166,cpu,5.193712,16.947271,90.833955,129.535171,0.001672,46.642832,0.39002,63.226728,18.40807,2.190017
nvidia-pilot,wide-200-upstream-cpu-r1,199.807916667,9,steady,4320000,480000,365.876012,cpu,4.999709,15.9938,91.529435,142.102899,0.001628,46.798673,0.446538,64.003048,18.32162,2.219618
nvidia-pilot,wide-200-upstream-cpu-r1,199.807916667,10,steady,4800000,480000,395.347062,cpu,4.956458,15.961195,95.205521,167.405944,0.001697,46.714081,0.464839,64.636972,18.411567,2.186468
nvidia-pilot,wide-200-upstream-cpu-r1,199.807916667,11,steady,5280000,480000,419.02626,cpu,5.096868,16.233632,88.331346,197.199799,0.001479,47.458229,0.518713,64.185813,18.318574,2.206123
nvidia-pilot,wide-200-upstream-cpu-r1,199.807916667,12,steady,5760000,480000,378.40561,cpu,4.986483,18.585995,95.593887,147.978454,0.001182,46.335516,0.608065,64.315603,18.189394,2.242853
nvidia-pilot,wide-200-upstream-cpu-r1,199.807916667,13,steady,6240000,480000,332.422033,cpu,4.975431,16.8463,76.375787,122.353079,0.001132,47.208655,0.664855,63.996241,18.370508,2.180699
nvidia-pilot,wide-200-upstream-cpu-r1,199.807916667,14,steady,6720000,480000,334.941919,cpu,4.994581,15.552788,65.188058,138.558088,0.0014,46.341548,0.753153,63.551858,18.106243,2.158351
nvidia-pilot,wide-200-upstream-cpu-r1,199.807916667,15,steady,7200000,480000,309.469247,cpu,4.98468,15.795105,66.891721,111.31043,0.001051,46.323799,0.821773,63.340382,18.021212,2.169118
nvidia-pilot,wide-200-upstream-cpu-r1,199.807916667,16,steady,7680000,480000,309.593348,cpu,4.990764,16.811793,70.220331,106.691689,0.001068,46.213677,0.880325,63.783427,18.20425,2.162992
nvidia-pilot,wide-200-upstream-cpu-r1,199.807916667,17,steady,8160000,480000,394.149519,cpu,5.034523,14.875861,89.609433,173.56928,0.001251,46.168763,0.977525,63.912588,18.099161,2.990118
nvidia-pilot,wide-200-upstream-cpu-r1,199.807916667,18,steady,8640000,480000,326.351843,cpu,5.108343,16.210037,68.474069,122.207267,0.001332,46.410559,1.057085,66.882943,20.286195,2.512907
nvidia-pilot,wide-200-upstream-cpu-r1,199.807916667,19,steady,9120000,480000,339.206457,cpu,7.373981,19.905024,86.025631,114.954128,0.001093,46.083946,1.090508,63.771922,22.966945,2.227858
pi-pilot,pi-light-100-fast-cpu-r1,99.9675,0,cold,0,240000,684.656353,cpu,13.20081,49.263569,571.925401,47.311079,0.270866,0.860136,0.006741,1.816733,59.269759,0.388568
pi-pilot,pi-light-100-fast-cpu-r1,99.9675,1,warmup,240000,240000,670.673166,cpu,10.723402,43.010085,567.257543,46.409573,0.263033,1.153131,0.030093,1.825492,57.222695,0.326958
pi-pilot,pi-light-100-fast-cpu-r1,99.9675,2,warmup,480000,240000,674.17069,cpu,10.989102,43.600836,570.043854,46.579552,0.26507,0.837877,0.040925,1.81303,55.00993,0.318329
pi-pilot,pi-light-100-fast-cpu-r1,99.9675,3,steady,720000,240000,676.499304,cpu,10.730587,45.474716,570.507625,46.827993,0.270515,0.859191,0.020815,1.807214,57.175807,0.330866
pi-pilot,pi-light-100-fast-cpu-r1,99.9675,4,steady,960000,240000,673.385868,cpu,10.91001,42.87079,570.034318,46.639217,0.268126,0.825655,0.022833,1.814289,57.174344,0.321495
pi-pilot,pi-light-100-fast-cpu-r1,99.9675,5,steady,1200000,240000,668.995745,cpu,10.845288,42.521425,566.000172,46.678088,0.269459,0.828488,0.023888,1.828048,54.819712,0.333792
pi-pilot,pi-light-100-fast-cpu-r1,99.9675,6,steady,1440000,240000,677.251219,cpu,10.841677,45.999746,570.824491,46.590256,0.272737,0.856765,0.046888,1.818011,56.99181,0.328903
pi-pilot,pi-light-100-upstream-cpu-r1,99.9675,0,cold,0,240000,684.693186,cpu,13.205088,48.309008,571.68322,48.546024,0.000425,0.963524,0.005648,1.979601,57.334175,0.250163
pi-pilot,pi-light-100-upstream-cpu-r1,99.9675,1,warmup,240000,240000,677.356829,cpu,9.167109,44.289715,572.417968,48.242398,0.000574,1.237705,0.029407,1.971564,56.841108,0.234145
pi-pilot,pi-light-100-upstream-cpu-r1,99.9675,2,warmup,480000,240000,664.871805,cpu,9.18072,42.519796,562.213745,47.992957,0.000463,0.929672,0.040185,1.993823,54.70812,0.209423
pi-pilot,pi-light-100-upstream-cpu-r1,99.9675,3,steady,720000,240000,680.137919,cpu,9.282941,42.768347,572.921258,52.239933,0.000371,0.927857,0.021722,1.975064,56.778923,0.216645
pi-pilot,pi-light-100-upstream-cpu-r1,99.9675,4,steady,960000,240000,681.736488,cpu,9.118147,43.493837,576.937607,49.267013,0.000371,0.91369,0.021704,1.983415,56.572667,0.173942
pi-pilot,pi-light-100-upstream-cpu-r1,99.9675,5,steady,1200000,240000,679.571075,cpu,9.184794,43.052529,576.215302,48.189251,0.000426,0.918005,0.024074,1.985916,54.661621,0.20309
pi-pilot,pi-light-100-upstream-cpu-r1,99.9675,6,steady,1440000,240000,681.082534,cpu,9.217997,42.715478,574.417384,51.801459,0.000407,0.91858,0.05998,1.950435,56.850368,0.192645
pi-pilot,pi-light-200-fast-cpu-r1,199.975416667,0,cold,0,480000,1869.140627,cpu,26.298122,96.69072,1644.064162,96.568962,0.580158,1.856807,0.035648,3.044808,118.706644,0.709267
pi-pilot,pi-light-200-fast-cpu-r1,199.975416667,1,warmup,480000,480000,1885.207636,cpu,22.089774,90.209999,1673.484756,94.145386,0.491253,1.669031,0.042981,3.073493,112.160479,0.617046
pi-pilot,pi-light-200-fast-cpu-r1,199.975416667,2,warmup,960000,480000,1873.895114,cpu,21.749224,87.326392,1666.525153,93.046124,0.521289,1.651272,0.023278,3.051419,112.199497,0.627102
pi-pilot,pi-light-200-fast-cpu-r1,199.975416667,3,steady,1440000,480000,1865.047074,cpu,22.026998,88.238101,1656.485483,93.069642,0.490697,1.641161,0.025241,3.06877,114.364855,0.638899
pi-pilot,pi-light-200-fast-cpu-r1,199.975416667,4,steady,1920000,480000,1878.296587,cpu,22.596193,86.937786,1667.188569,96.355521,0.508734,1.637402,0.026204,3.0449,111.675894,0.612195
pi-pilot,pi-light-200-fast-cpu-r1,199.975416667,5,steady,2400000,480000,1872.369858,cpu,22.295124,85.64636,1660.592553,98.545934,0.496753,1.657124,0.059943,3.074641,112.176237,0.629769
pi-pilot,pi-light-200-fast-cpu-r1,199.975416667,6,steady,2880000,480000,1865.42531,cpu,23.950544,86.864232,1656.034452,93.262436,0.510196,1.641476,0.069388,3.091919,114.350818,0.633898
pi-pilot,pi-light-200-upstream-cpu-r1,199.975416667,0,cold,0,480000,1887.197644,cpu,25.862794,96.399298,1663.001037,96.712461,0.000574,1.917731,0.034722,3.268249,117.724436,0.346995
pi-pilot,pi-light-200-upstream-cpu-r1,199.975416667,1,warmup,480000,480000,1880.746774,cpu,18.814396,92.999088,1667.667118,96.059303,0.000426,1.890843,0.040129,3.275212,111.879465,0.294737
pi-pilot,pi-light-200-upstream-cpu-r1,199.975416667,2,warmup,960000,480000,1869.241458,cpu,19.023226,86.90825,1661.780498,96.449446,0.000482,1.81514,0.021,3.243027,111.82928,0.285922
pi-pilot,pi-light-200-upstream-cpu-r1,199.975416667,3,steady,1440000,480000,1903.304672,cpu,19.122262,85.693619,1697.60265,95.80414,0.000241,1.818307,0.022519,3.240434,113.889861,0.275645
pi-pilot,pi-light-200-upstream-cpu-r1,199.975416667,4,steady,1920000,480000,1897.656791,cpu,18.66451,86.376498,1686.65553,100.866826,0.000426,1.813307,0.030222,3.248676,111.804873,0.293533
pi-pilot,pi-light-200-upstream-cpu-r1,199.975416667,5,steady,2400000,480000,1874.828489,cpu,19.118576,86.575754,1668.018891,95.978915,0.000556,1.8179,0.057925,3.259601,111.59258,0.275107
pi-pilot,pi-light-200-upstream-cpu-r1,199.975416667,6,steady,2880000,480000,1883.282775,cpu,19.444664,88.655206,1673.56507,96.455075,0.000296,1.814863,0.06737,3.279286,113.603977,0.294236
